,animal,session,cluster ID,FR modulation,category
0,BS_108,BS_108_1_AC.pickle,2,9.972451790633608,CR (enhanced)
1,BS_108,BS_108_1_AC.pickle,8,21.7741935483871,CR (enhanced)
2,BS_108,BS_108_1_AC.pickle,9,15.806451612903228,CR (enhanced)
3,BS_108,BS_108_1_AC.pickle,14,10.964187327823693,CR (enhanced)
4,BS_108,BS_108_1_AC.pickle,34,16.989247311827963,CR (enhanced)
5,BS_108,BS_108_1_AC.pickle,35,13.064516129032258,CR (enhanced)
6,BS_108,BS_108_2_AC.pickle,2,15.402298850574715,CR (enhanced)
7,BS_108,BS_108_2_AC.pickle,7,6.321839080459773,CR (enhanced)
8,BS_108,BS_108_2_AC.pickle,26,3.563218390804598,CR (enhanced)
9,BS_108,BS_108_4_AC.pickle,26,2.8528528528528545,Inconclusive
10,BS_108,BS_108_4_AC.pickle,93,1.9721329046087879,Inconclusive
11,BS_108,BS_108_6_AC.pickle,2,3.446969696969696,NCR
12,BS_108,BS_108_6_AC.pickle,3,5.959595959595956,CR (enhanced)
13,BS_108,BS_108_6_AC.pickle,9,3.833333333333334,Inconclusive
14,BS_108,BS_108_6_AC.pickle,33,3.2600732600732596,Inconclusive
15,BS_108,BS_108_6_AC.pickle,35,4.944944944944941,CR (enhanced)
16,BS_108,BS_108_6_AC.pickle,38,4.245210727969349,CR (enhanced)
17,BS_108,BS_108_6_AC.pickle,39,1.6757741347905284,NCR
18,BS_108,BS_108_6_AC.pickle,47,15.825734549138806,CR (enhanced)
19,BS_108,BS_108_6_AC.pickle,48,9.593869731800776,CR (enhanced)
20,BS_108,BS_108_6_AC.pickle,49,7.203065134099624,CR (enhanced)
21,BS_108,BS_108_6_AC.pickle,50,2.1149425287356345,Inconclusive
22,BS_108,BS_108_6_AC.pickle,72,2.7279693486590064,Inconclusive
23,BS_108,BS_108_6_AC.pickle,73,5.633528265107213,CR (enhanced)
24,BS_108,BS_108_6_AC.pickle,76,1.5172413793103448,NCR
25,BS_108,BS_108_6_AC.pickle,78,1.313432835820895,Inconclusive
26,BS_108,BS_108_6_AC.pickle,79,0.9201388888888884,Inconclusive
27,BS_108,BS_108_6_AC.pickle,82,1.5019157088122612,NCR
28,BS_108,BS_108_6_AC.pickle,88,1.670498084291188,NCR
29,BS_108,BS_108_6_AC.pickle,90,1.6941694169416954,NCR
30,BS_108,BS_108_6_AC.pickle,125,2.038429406850462,Inconclusive
31,BS_108,BS_108_6_AC.pickle,126,16.727272727272727,CR (enhanced)
32,BS_108,BS_108_6_AC.pickle,133,6.099616858237546,CR (enhanced)
33,BS_40,BS_40_10_AC.pickle,0,0.8272506082725062,NCR
34,BS_40,BS_40_10_AC.pickle,2,2.6143790849673216,Inconclusive
35,BS_40,BS_40_10_AC.pickle,3,0.5930470347648259,NCR
36,BS_40,BS_40_10_AC.pickle,5,5.855555555555559,CR (suppressed)
37,BS_40,BS_40_10_AC.pickle,9,2.8999999999999972,Inconclusive
38,BS_40,BS_40_10_AC.pickle,12,1.2222222222222237,Inconclusive
39,BS_40,BS_40_10_AC.pickle,20,0.9523809523809517,NCR
40,BS_40,BS_40_10_AC.pickle,22,0.669014084507043,NCR
41,BS_40,BS_40_10_AC.pickle,23,5.944444444444457,NCR
42,BS_40,BS_40_10_AC.pickle,24,2.033333333333333,Inconclusive
43,BS_40,BS_40_10_AC.pickle,25,1.633333333333333,Inconclusive
44,BS_40,BS_40_10_AC.pickle,44,1.0686095931997566,NCR
45,BS_40,BS_40_10_AC.pickle,50,1.5222222222222213,Inconclusive
46,BS_40,BS_40_10_AC.pickle,53,0.31287605294825516,NCR
47,BS_40,BS_40_10_AC.pickle,55,0.822222222222223,NCR
48,BS_40,BS_40_10_AC.pickle,58,1.0555555555555562,NCR
49,BS_40,BS_40_10_AC.pickle,73,2.171602126044036,Inconclusive
50,BS_40,BS_40_12_AC.pickle,2,3.647798742138366,Inconclusive
51,BS_40,BS_40_12_AC.pickle,5,1.509433962264151,NCR
52,BS_40,BS_40_12_AC.pickle,6,0.0,NCR
53,BS_40,BS_40_12_AC.pickle,27,2.1383647798742134,NCR
54,BS_40,BS_40_12_AC.pickle,29,2.767295597484277,Inconclusive
55,BS_40,BS_40_12_AC.pickle,50,3.773584905660378,CR (suppressed)
56,BS_40,BS_40_12_AC.pickle,52,7.169811320754717,Inconclusive
57,BS_40,BS_40_12_AC.pickle,56,4.528301886792454,Inconclusive
58,BS_40,BS_40_12_AC.pickle,57,3.396226415094339,NCR
59,BS_40,BS_40_12_AC.pickle,80,7.044025157232703,CR (enhanced)
60,BS_40,BS_40_12_AC.pickle,85,2.6666666666666665,NCR
61,BS_40,BS_40_12_AC.pickle,100,4.150943396226414,CR (suppressed)
62,BS_40,BS_40_12_AC.pickle,103,0.7547169811320753,NCR
63,BS_40,BS_40_12_AC.pickle,118,2.1383647798742147,Inconclusive
64,BS_40,BS_40_15_AC.pickle,0,1.2209302325581386,Inconclusive
65,BS_40,BS_40_15_AC.pickle,1,0.9684684684684681,NCR
66,BS_40,BS_40_15_AC.pickle,3,3.410852713178299,Inconclusive
67,BS_40,BS_40_15_AC.pickle,7,2.002442002442002,Inconclusive
68,BS_40,BS_40_15_AC.pickle,10,1.6472868217054268,Inconclusive
69,BS_40,BS_40_15_AC.pickle,40,8.148148148148147,Inconclusive
70,BS_40,BS_40_15_AC.pickle,47,17.131782945736436,CR (enhanced)
71,BS_40,BS_40_15_AC.pickle,60,0.9688581314878892,NCR
72,BS_40,BS_40_15_AC.pickle,62,5.910364145658262,Inconclusive
73,BS_40,BS_40_15_AC.pickle,64,2.2286821705426374,Inconclusive
74,BS_40,BS_40_15_AC.pickle,66,1.2640163098878694,Inconclusive
75,BS_40,BS_40_15_AC.pickle,68,27.03488372093023,CR (enhanced)
76,BS_40,BS_40_16_AC.pickle,0,2.973621103117507,Inconclusive
77,BS_40,BS_40_16_AC.pickle,4,1.3981244671781772,Inconclusive
78,BS_40,BS_40_16_AC.pickle,5,0.46035805626598475,Inconclusive
79,BS_40,BS_40_16_AC.pickle,10,1.9266837169650464,Inconclusive
80,BS_40,BS_40_16_AC.pickle,14,3.5913978494623677,Inconclusive
81,BS_40,BS_40_16_AC.pickle,15,1.359649122807018,Inconclusive
82,BS_40,BS_40_16_AC.pickle,16,0.559006211180125,NCR
83,BS_40,BS_40_16_AC.pickle,21,27.48508098891727,CR (enhanced)
84,BS_40,BS_40_16_AC.pickle,24,27.096774193548367,CR (enhanced)
85,BS_40,BS_40_16_AC.pickle,26,34.12087912087914,CR (enhanced)
86,BS_40,BS_40_16_AC.pickle,35,21.605691056910562,CR (enhanced)
87,BS_40,BS_40_18_AC.pickle,2,0.8088235294117665,NCR
88,BS_40,BS_40_18_AC.pickle,4,0.7843137254901957,NCR
89,BS_40,BS_40_18_AC.pickle,19,2.7799227799227797,Inconclusive
90,BS_40,BS_40_18_AC.pickle,36,1.4338235294117652,NCR
91,BS_40,BS_40_18_AC.pickle,41,0.6372549019607854,NCR
92,BS_40,BS_40_18_AC.pickle,49,1.4666666666666668,Inconclusive
93,BS_40,BS_40_19_AC.pickle,1,0.8281573498964818,Inconclusive
94,BS_40,BS_40_19_AC.pickle,3,1.7681159420289831,NCR
95,BS_40,BS_40_19_AC.pickle,6,2.056590752242929,Inconclusive
96,BS_40,BS_40_19_AC.pickle,8,1.463077984817115,Inconclusive
97,BS_40,BS_40_19_AC.pickle,19,1.8771566597653586,NCR
98,BS_40,BS_40_19_AC.pickle,22,6.749482401656327,CR (enhanced)
99,BS_40,BS_40_19_AC.pickle,31,2.1808143547273975,Inconclusive
100,BS_40,BS_40_19_AC.pickle,33,1.78117048346056,Inconclusive
101,BS_40,BS_40_19_AC.pickle,34,0.6042296072507553,NCR
102,BS_40,BS_40_19_AC.pickle,35,4.483260553129552,CR (enhanced)
103,BS_40,BS_40_19_AC.pickle,46,1.5596963423050387,Inconclusive
104,BS_40,BS_40_19_AC.pickle,47,0.5935127674258112,NCR
105,BS_40,BS_40_19_AC.pickle,48,3.050379572118701,Inconclusive
106,BS_40,BS_40_21_AC.pickle,4,1.4492753623188404,NCR
107,BS_40,BS_40_21_AC.pickle,32,1.3768115942028982,Inconclusive
108,BS_40,BS_40_21_AC.pickle,33,1.6666666666666667,Inconclusive
109,BS_40,BS_40_21_AC.pickle,37,4.166666666666667,Inconclusive
110,BS_40,BS_40_21_AC.pickle,42,2.1014492753623184,Inconclusive
111,BS_40,BS_40_21_AC.pickle,49,5.000000000000001,Inconclusive
112,BS_40,BS_40_21_AC.pickle,53,8.717948717948717,NCR
113,BS_40,BS_40_21_AC.pickle,54,5.999999999999999,NCR
114,BS_40,BS_40_21_AC.pickle,55,1.4492753623188404,CR (enhanced)
115,BS_40,BS_40_22_AC.pickle,1,0.5656565656565657,NCR
116,BS_40,BS_40_22_AC.pickle,7,5.494949494949493,Inconclusive
117,BS_40,BS_40_22_AC.pickle,11,9.047619047619046,Inconclusive
118,BS_40,BS_40_22_AC.pickle,13,0.9696969696969694,Inconclusive
119,BS_40,BS_40_2_AC.pickle,4,3.8095238095238115,Inconclusive
120,BS_40,BS_40_2_AC.pickle,15,3.010204081632654,Inconclusive
121,BS_40,BS_40_2_AC.pickle,18,3.911564625850337,Inconclusive
122,BS_40,BS_40_2_AC.pickle,30,1.071428571428571,NCR
123,BS_40,BS_40_2_AC.pickle,33,4.0102171136653935,NCR
124,BS_40,BS_40_2_AC.pickle,43,2.389486260454004,Inconclusive
125,BS_40,BS_40_2_AC.pickle,45,1.9853709508881925,Inconclusive
126,BS_40,BS_40_2_AC.pickle,46,5.425170068027217,Inconclusive
127,BS_40,BS_40_2_AC.pickle,51,1.9387755102040793,NCR
128,BS_40,BS_40_2_AC.pickle,56,4.63980463980464,Inconclusive
129,BS_40,BS_40_2_AC.pickle,58,1.9557823129251726,Inconclusive
130,BS_40,BS_40_2_AC.pickle,61,14.625850340136058,CR (enhanced)
131,BS_40,BS_40_2_AC.pickle,65,3.962585034013606,Inconclusive
132,BS_40,BS_40_2_AC.pickle,66,8.231292517006809,Inconclusive
133,BS_40,BS_40_2_AC.pickle,67,6.484848484848485,CR (enhanced)
134,BS_40,BS_40_2_AC.pickle,70,2.857142857142856,CR (enhanced)
135,BS_40,BS_40_2_AC.pickle,72,5.357142857142855,CR (enhanced)
136,BS_40,BS_40_2_AC.pickle,83,6.445578231292519,CR (enhanced)
137,BS_40,BS_40_2_AC.pickle,96,27.6360544217687,CR (enhanced)
138,BS_40,BS_40_2_AC.pickle,97,3.89455782312926,Inconclusive
139,BS_40,BS_40_2_AC.pickle,98,13.163265306122444,CR (enhanced)
140,BS_40,BS_40_2_AC.pickle,103,18.82653061224488,CR (enhanced)
141,BS_40,BS_40_2_AC.pickle,115,10.26365348399247,CR (enhanced)
142,BS_40,BS_40_2_AC.pickle,120,0.9369369369369368,Inconclusive
143,BS_40,BS_40_2_AC.pickle,122,2.857142857142857,Inconclusive
144,BS_40,BS_40_2_AC.pickle,124,1.7176870748299315,NCR
145,BS_40,BS_40_2_AC.pickle,133,2.9421768707482996,Inconclusive
146,BS_40,BS_40_2_AC.pickle,138,0.8516886930983848,NCR
147,BS_40,BS_40_2_AC.pickle,142,1.7886178861788615,Inconclusive
148,BS_40,BS_40_2_AC.pickle,153,7.579365079365079,CR (enhanced)
149,BS_40,BS_40_2_AC.pickle,154,6.51360544217687,CR (enhanced)
150,BS_40,BS_40_2_AC.pickle,156,0.671462829736211,NCR
151,BS_40,BS_40_2_AC.pickle,162,2.959183673469385,Inconclusive
152,BS_40,BS_40_2_AC.pickle,163,1.2074829931972804,NCR
153,BS_40,BS_40_2_AC.pickle,164,4.221105527638188,Inconclusive
154,BS_40,BS_40_2_AC.pickle,165,1.9727891156462543,Inconclusive
155,BS_40,BS_40_2_AC.pickle,166,1.7176870748299329,Inconclusive
156,BS_40,BS_40_2_AC.pickle,178,0.9589041095890413,NCR
157,BS_40,BS_40_2_AC.pickle,184,0.7387387387387389,NCR
158,BS_40,BS_40_2_AC.pickle,188,2.0238095238095264,Inconclusive
159,BS_40,BS_40_2_AC.pickle,189,9.727891156462585,CR (enhanced)
160,BS_40,BS_40_2_AC.pickle,190,3.267605633802817,CR (enhanced)
161,BS_40,BS_40_2_AC.pickle,194,11.326530612244886,CR (enhanced)
162,BS_40,BS_40_2_AC.pickle,195,10.850340136054427,CR (enhanced)
163,BS_40,BS_40_2_AC.pickle,201,3.0442176870748288,Inconclusive
164,BS_40,BS_40_2_AC.pickle,204,2.568027210884353,Inconclusive
165,BS_40,BS_40_2_AC.pickle,206,8.588435374149663,CR (enhanced)
166,BS_40,BS_40_2_AC.pickle,210,12.862453531598513,CR (enhanced)
167,BS_40,BS_40_2_AC.pickle,211,2.482566248256626,NCR
168,BS_40,BS_40_2_AC.pickle,212,8.418367346938783,CR (enhanced)
169,BS_40,BS_40_2_AC.pickle,213,1.1224489795918366,NCR
170,BS_40,BS_40_2_AC.pickle,222,1.5257048092868986,Inconclusive
171,BS_40,BS_40_2_AC.pickle,225,28.21428571428572,CR (enhanced)
172,BS_40,BS_40_2_AC.pickle,230,7.908163265306132,CR (suppressed)
173,BS_40,BS_40_2_AC.pickle,231,2.857142857142857,Inconclusive
174,BS_40,BS_40_3_AC.pickle,0,7.245053272450523,CR (suppressed)
175,BS_40,BS_40_3_AC.pickle,10,3.1354642313546384,Inconclusive
176,BS_40,BS_40_3_AC.pickle,14,11.430745814307462,CR (enhanced)
177,BS_40,BS_40_3_AC.pickle,15,14.961948249619475,CR (enhanced)
178,BS_40,BS_40_3_AC.pickle,23,18.396624472573816,CR (enhanced)
179,BS_40,BS_40_3_AC.pickle,24,2.906574394463669,Inconclusive
180,BS_40,BS_40_3_AC.pickle,30,1.4548802946593007,Inconclusive
181,BS_40,BS_40_3_AC.pickle,33,2.5665101721439747,Inconclusive
182,BS_40,BS_40_3_AC.pickle,36,1.6151202749140892,Inconclusive
183,BS_40,BS_40_3_AC.pickle,37,1.2024353120243538,NCR
184,BS_40,BS_40_3_AC.pickle,53,1.902587519025875,NCR
185,BS_40,BS_40_3_AC.pickle,54,1.3231552162849871,NCR
186,BS_40,BS_40_3_AC.pickle,57,13.850837138508362,CR (enhanced)
187,BS_40,BS_40_3_AC.pickle,61,0.6666666666666667,NCR
188,BS_40,BS_40_3_AC.pickle,71,2.009132420091325,Inconclusive
189,BS_40,BS_40_3_AC.pickle,76,1.1886304909560725,Inconclusive
190,BS_40,BS_40_3_AC.pickle,81,3.8051750380517504,CR (enhanced)
191,BS_40,BS_40_3_AC.pickle,84,1.4611872146118712,NCR
192,BS_40,BS_40_3_AC.pickle,105,0.8903365906623235,NCR
193,BS_40,BS_40_3_AC.pickle,108,1.0350076103500765,Inconclusive
194,BS_40,BS_40_3_AC.pickle,109,1.9354838709677418,Inconclusive
195,BS_40,BS_40_3_AC.pickle,111,12.860360360360373,CR (enhanced)
196,BS_40,BS_40_3_AC.pickle,114,15.34936998854525,CR (enhanced)
197,BS_40,BS_40_3_AC.pickle,115,4.279835390946501,Inconclusive
198,BS_40,BS_40_3_AC.pickle,121,12.571428571428571,CR (enhanced)
199,BS_40,BS_40_3_AC.pickle,140,0.18939393939393936,NCR
200,BS_40,BS_40_3_AC.pickle,145,3.432835820895522,CR (enhanced)
201,BS_40,BS_40_3_AC.pickle,151,1.4840182648401823,NCR
202,BS_40,BS_40_3_AC.pickle,155,16.910197869101975,CR (enhanced)
203,BS_40,BS_40_4_AC.pickle,0,1.3733333333333333,Inconclusive
204,BS_40,BS_40_4_AC.pickle,1,1.12,Inconclusive
205,BS_40,BS_40_4_AC.pickle,7,1.5600000000000005,Inconclusive
206,BS_40,BS_40_4_AC.pickle,9,0.5599999999999994,NCR
207,BS_40,BS_40_4_AC.pickle,10,0.3733333333333331,NCR
208,BS_40,BS_40_4_AC.pickle,15,11.140939597315437,CR (enhanced)
209,BS_40,BS_40_4_AC.pickle,18,18.91472868217054,CR (enhanced)
210,BS_40,BS_40_4_AC.pickle,29,7.160000000000004,CR (enhanced)
211,BS_40,BS_40_5_AC.pickle,5,0.7142857142857155,Inconclusive
212,BS_40,BS_40_5_AC.pickle,21,0.3968253968253967,NCR
213,BS_40,BS_40_5_AC.pickle,22,1.5418023887079275,Inconclusive
214,BS_40,BS_40_5_AC.pickle,27,15.003599712023021,CR (enhanced)
215,BS_40,BS_40_6_AC.pickle,4,0.8281573498964798,NCR
216,BS_40,BS_40_6_AC.pickle,7,1.8697829716193657,Inconclusive
217,BS_40,BS_40_6_AC.pickle,10,0.4563160823594876,NCR
218,BS_40,BS_40_6_AC.pickle,11,2.370617696160264,Inconclusive
219,BS_40,BS_40_6_AC.pickle,15,15.859766277128557,CR (enhanced)
220,BS_40,BS_40_6_AC.pickle,21,3.154362416107376,Inconclusive
221,BS_40,BS_40_6_AC.pickle,24,7.490261547022819,CR (enhanced)
222,BS_40,BS_40_6_AC.pickle,25,0.8242950108459874,NCR
223,BS_40,BS_40_6_AC.pickle,26,2.1146355036171425,NCR
224,BS_40,BS_40_6_AC.pickle,27,1.8809126321647172,Inconclusive
225,BS_40,BS_40_7_AC.pickle,23,3.988888888888883,CR (suppressed)
226,BS_40,BS_40_7_AC.pickle,33,7.566666666666662,Inconclusive
227,BS_40,BS_40_7_AC.pickle,36,1.602288984263233,Inconclusive
228,BS_40,BS_40_7_AC.pickle,85,2.9888888888888916,CR (suppressed)
229,BS_40,BS_40_8_AC.pickle,6,1.6903313049357678,Inconclusive
230,BS_40,BS_40_8_AC.pickle,25,0.6700167504187602,NCR
231,BS_40,BS_40_8_AC.pickle,33,0.7167004732927654,NCR
232,BS_40,BS_40_8_AC.pickle,34,0.5544286680189319,NCR
233,BS_40,BS_40_8_AC.pickle,40,0.8160123171670507,NCR
234,BS_40,BS_40_8_AC.pickle,44,0.9642560266001666,NCR
235,BS_40,BS_40_8_AC.pickle,45,1.01123595505618,NCR
236,BS_40,BS_40_8_AC.pickle,48,0.2802359882005899,NCR
237,BS_41,BS_41_2_AC.pickle,10,1.456200227531286,Inconclusive
238,BS_41,BS_41_2_AC.pickle,23,1.5532286212914481,Inconclusive
239,BS_41,BS_41_2_AC.pickle,52,27.225130890052355,CR (enhanced)
240,BS_41,BS_41_2_AC.pickle,55,5.543478260869565,Inconclusive
241,BS_41,BS_41_2_AC.pickle,70,0.593368237347295,NCR
242,BS_41,BS_41_2_AC.pickle,119,1.1343804537521804,NCR
243,BS_41,BS_41_2_AC.pickle,155,2.494004796163069,Inconclusive
244,BS_41,BS_41_2_AC.pickle,200,5.657492354740061,CR (enhanced)
245,BS_41,BS_41_2_AC.pickle,210,0.9249563699825483,NCR
246,BS_41,BS_41_2_AC.pickle,236,5.222222222222222,Inconclusive
247,BS_41,BS_41_4_AC.pickle,0,1.6921508664627924,NCR
248,BS_41,BS_41_4_AC.pickle,6,6.8956743002544485,CR (suppressed)
249,BS_41,BS_41_4_AC.pickle,8,4.133333333333334,Inconclusive
250,BS_41,BS_41_4_AC.pickle,10,1.90871369294606,NCR
251,BS_41,BS_41_4_AC.pickle,17,1.1323155216284988,NCR
252,BS_41,BS_41_4_AC.pickle,19,14.96183206106869,CR (enhanced)
253,BS_41,BS_41_4_AC.pickle,20,3.1424936386768474,NCR
254,BS_41,BS_41_4_AC.pickle,21,4.8074369189907005,Inconclusive
255,BS_41,BS_41_4_AC.pickle,38,1.1195928753180684,Inconclusive
256,BS_41,BS_41_4_AC.pickle,55,3.829516539440207,Inconclusive
257,BS_41,BS_41_4_AC.pickle,57,12.60814249363868,CR (enhanced)
258,BS_41,BS_41_4_AC.pickle,64,5.343511450381697,Inconclusive
259,BS_41,BS_41_4_AC.pickle,66,4.147582697201017,CR (enhanced)
260,BS_41,BS_41_4_AC.pickle,72,2.5572519083969483,CR (suppressed)
261,BS_41,BS_41_4_AC.pickle,73,5.979643765903314,Inconclusive
262,BS_41,BS_41_4_AC.pickle,77,1.4122137404580175,NCR
263,BS_41,BS_41_4_AC.pickle,84,1.4376590330788803,NCR
264,BS_41,BS_41_4_AC.pickle,87,1.8984547461368655,Inconclusive
265,BS_41,BS_41_4_AC.pickle,95,2.4300254452926198,Inconclusive
266,BS_41,BS_41_4_AC.pickle,96,3.2569974554707333,Inconclusive
267,BS_41,BS_41_4_AC.pickle,97,0.512820512820513,NCR
268,BS_41,BS_41_4_AC.pickle,100,0.9629629629629626,NCR
269,BS_41,BS_41_4_AC.pickle,101,7.137404580152674,CR (suppressed)
270,BS_41,BS_41_4_AC.pickle,109,3.7150127226463154,Inconclusive
271,BS_41,BS_41_4_AC.pickle,110,3.9312977099236615,CR (enhanced)
272,BS_41,BS_41_4_AC.pickle,114,0.8905852417302781,NCR
273,BS_41,BS_41_4_AC.pickle,115,6.22137404580154,Inconclusive
274,BS_41,BS_41_4_AC.pickle,117,9.707379134860044,CR (enhanced)
275,BS_41,BS_41_4_AC.pickle,119,3.3842239185750564,Inconclusive
276,BS_41,BS_41_5_AC.pickle,2,3.881188118811891,CR (suppressed)
277,BS_41,BS_41_5_AC.pickle,6,1.6986301369863024,NCR
278,BS_41,BS_41_5_AC.pickle,13,7.492354740061158,CR (enhanced)
279,BS_41,BS_41_5_AC.pickle,15,2.587064676616916,Inconclusive
280,BS_41,BS_41_5_AC.pickle,67,1.629629629629632,NCR
281,BS_41,BS_41_5_AC.pickle,68,2.9226361031518597,Inconclusive
282,BS_41,BS_41_5_AC.pickle,73,7.102310231023097,CR (suppressed)
283,BS_41,BS_41_5_AC.pickle,74,4.543524416135881,Inconclusive
284,BS_41,BS_41_5_AC.pickle,85,1.6312056737588698,Inconclusive
285,BS_41,BS_41_6_AC.pickle,1,3.7472035794183456,Inconclusive
286,BS_41,BS_41_6_AC.pickle,3,12.114093959731518,Inconclusive
287,BS_41,BS_41_6_AC.pickle,6,0.5591397849462366,NCR
288,BS_41,BS_41_6_AC.pickle,7,7.483221476510067,CR (enhanced)
289,BS_41,BS_41_6_AC.pickle,32,1.4100185528756946,Inconclusive
290,BS_41,BS_41_7_AC.pickle,0,2.011494252873561,Inconclusive
291,BS_41,BS_41_7_AC.pickle,24,5.755919854280489,NCR
292,BS_41,BS_41_7_AC.pickle,36,5.101906640368181,NCR
293,BS_41,BS_41_7_AC.pickle,39,1.0644257703081232,Inconclusive
294,BS_41,BS_41_7_AC.pickle,50,1.3308913308913324,NCR
295,BS_41,BS_41_7_AC.pickle,54,3.1724137931034457,Inconclusive
296,BS_41,BS_41_7_AC.pickle,55,1.3218390804597726,NCR
297,BS_41,BS_41_7_AC.pickle,57,1.1839080459770113,NCR
298,BS_41,BS_41_7_AC.pickle,59,10.240295748613654,CR (enhanced)
299,BS_41,BS_41_7_AC.pickle,62,3.238993710691824,CR (suppressed)
300,BS_41,BS_41_7_AC.pickle,63,1.6781609195402274,Inconclusive
301,BS_41,BS_41_7_AC.pickle,64,3.9080459770115,CR (enhanced)
302,BS_41,BS_41_7_AC.pickle,73,0.6226271829916474,NCR
303,BS_41,BS_41_7_AC.pickle,76,0.39447731755424054,NCR
304,BS_41,BS_41_7_AC.pickle,81,0.5865522174535049,NCR
305,BS_41,BS_41_7_AC.pickle,96,0.9273182957393497,NCR
306,BS_41,BS_41_8_AC.pickle,13,3.138173302107734,Inconclusive
307,BS_41,BS_41_8_AC.pickle,15,2.022653721682849,NCR
308,BS_41,BS_41_8_AC.pickle,16,1.4266666666666656,NCR
309,BS_41,BS_41_8_AC.pickle,17,1.6444444444444446,Inconclusive
310,BS_41,BS_41_8_AC.pickle,25,2.512280701754389,NCR
311,BS_41,BS_41_8_AC.pickle,40,2.099999999999997,Inconclusive
312,BS_41,BS_41_8_AC.pickle,49,0.8936550491510256,NCR
313,BS_41,BS_41_8_AC.pickle,57,2.8771929824561395,NCR
314,BS_41,BS_41_8_AC.pickle,58,1.616161616161617,NCR
315,BS_41,BS_41_8_AC.pickle,59,6.636225266362248,Inconclusive
316,BS_41,BS_41_8_AC.pickle,60,11.086142322097386,CR (enhanced)
317,BS_41,BS_41_8_AC.pickle,61,10.087719298245611,CR (enhanced)
318,BS_41,BS_41_8_AC.pickle,66,0.720000000000001,NCR
319,BS_41,BS_41_8_AC.pickle,67,1.5677321156773214,Inconclusive
320,BS_41,BS_41_8_AC.pickle,69,0.9156626506024096,NCR
321,BS_41,BS_41_8_AC.pickle,72,1.6720257234726674,NCR
322,BS_41,BS_41_8_AC.pickle,77,7.253333333333332,Inconclusive
323,BS_41,BS_41_8_AC.pickle,79,24.862155388471184,CR (enhanced)
324,BS_41,BS_41_8_AC.pickle,82,4.712371946414507,CR (suppressed)
325,BS_41,BS_41_8_AC.pickle,89,9.160671462829736,CR (enhanced)
326,BS_41,BS_41_9_AC.pickle,3,9.467162329615856,CR (enhanced)
327,BS_41,BS_41_9_AC.pickle,23,1.3821138211382107,Inconclusive
328,BS_41,BS_41_9_AC.pickle,24,2.9457364341085293,CR (suppressed)
329,BS_41,BS_41_9_AC.pickle,37,20.890493381468115,CR (enhanced)
330,BS_41,BS_41_9_AC.pickle,70,1.3166666666666673,NCR
331,BS_41,BS_41_9_AC.pickle,75,0.6666666666666643,NCR
332,BS_41,BS_41_9_AC.pickle,78,0.6333333333333333,NCR
333,BS_41,BS_41_9_AC.pickle,80,25.0333333333333,CR (enhanced)
334,BS_41,BS_41_9_AC.pickle,101,1.4555555555555566,Inconclusive
335,BS_41,BS_41_9_AC.pickle,102,0.9186840471756689,NCR
336,BS_41,BS_41_9_AC.pickle,103,0.3941730934018849,NCR
337,BS_41,BS_41_9_AC.pickle,109,3.5777777777777753,Inconclusive
338,BS_41,BS_41_9_AC.pickle,125,0.49319727891156456,NCR
339,BS_42,BS_42_10_AC.pickle,3,2.4736048265460027,Inconclusive
340,BS_42,BS_42_10_AC.pickle,8,4.253393665158373,Inconclusive
341,BS_42,BS_42_10_AC.pickle,10,4.645550527903469,CR (enhanced)
342,BS_42,BS_42_10_AC.pickle,11,1.4781297134238316,Inconclusive
343,BS_42,BS_42_10_AC.pickle,17,0.6938159879336351,NCR
344,BS_42,BS_42_10_AC.pickle,18,2.9141716566866256,Inconclusive
345,BS_42,BS_42_10_AC.pickle,20,1.1418047882136282,NCR
346,BS_42,BS_42_10_AC.pickle,26,15.656108597285073,CR (enhanced)
347,BS_42,BS_42_11_AC.pickle,1,2.8710462287104637,Inconclusive
348,BS_42,BS_42_11_AC.pickle,44,41.99513381995131,CR (enhanced)
349,BS_42,BS_42_11_AC.pickle,48,2.725060827250609,Inconclusive
350,BS_42,BS_42_2_AC.pickle,3,3.813333333333332,Inconclusive
351,BS_42,BS_42_2_AC.pickle,5,4.21256038647343,Inconclusive
352,BS_42,BS_42_2_AC.pickle,7,2.131147540983604,Inconclusive
353,BS_42,BS_42_2_AC.pickle,8,26.400000000000002,CR (enhanced)
354,BS_42,BS_42_2_AC.pickle,9,3.727422003284073,CR (suppressed)
355,BS_42,BS_42_2_AC.pickle,12,17.21333333333333,CR (enhanced)
356,BS_42,BS_42_2_AC.pickle,14,50.14666666666665,CR (enhanced)
357,BS_42,BS_42_2_AC.pickle,15,2.0800000000000036,Inconclusive
358,BS_42,BS_42_2_AC.pickle,16,65.78666666666653,CR (enhanced)
359,BS_42,BS_42_2_AC.pickle,17,5.573333333333335,CR (enhanced)
360,BS_42,BS_42_2_AC.pickle,18,0.973333333333333,NCR
361,BS_42,BS_42_2_AC.pickle,27,11.066666666666672,CR (enhanced)
362,BS_42,BS_42_2_AC.pickle,41,1.9066666666666656,NCR
363,BS_42,BS_42_2_AC.pickle,48,1.630347054075867,Inconclusive
364,BS_42,BS_42_2_AC.pickle,54,16.600000000000005,CR (enhanced)
365,BS_42,BS_42_2_AC.pickle,57,17.586666666666652,CR (enhanced)
366,BS_42,BS_42_2_AC.pickle,61,8.893333333333334,CR (enhanced)
367,BS_42,BS_42_2_AC.pickle,62,4.186666666666664,CR (enhanced)
368,BS_42,BS_42_2_AC.pickle,64,6.693333333333342,CR (enhanced)
369,BS_42,BS_42_2_AC.pickle,68,104.28000000000006,CR (enhanced)
370,BS_42,BS_42_2_AC.pickle,69,41.93333333333338,CR (enhanced)
371,BS_42,BS_42_2_AC.pickle,78,1.3999999999999992,NCR
372,BS_42,BS_42_2_AC.pickle,82,19.83999999999999,CR (enhanced)
373,BS_42,BS_42_2_AC.pickle,84,16.35756056808688,CR (enhanced)
374,BS_42,BS_42_2_AC.pickle,85,47.17333333333328,CR (enhanced)
375,BS_42,BS_42_2_AC.pickle,86,22.45333333333335,CR (enhanced)
376,BS_42,BS_42_2_AC.pickle,89,2.986666666666662,NCR
377,BS_42,BS_42_2_AC.pickle,100,0.9440813362381991,NCR
378,BS_42,BS_42_2_AC.pickle,108,8.469241773962796,CR (enhanced)
379,BS_42,BS_42_2_AC.pickle,112,12.63492063492064,CR (enhanced)
380,BS_42,BS_42_2_AC.pickle,115,2.3129251700680267,Inconclusive
381,BS_42,BS_42_2_AC.pickle,116,0.3765227021040976,NCR
382,BS_42,BS_42_2_AC.pickle,118,6.250000000000001,CR (enhanced)
383,BS_42,BS_42_2_AC.pickle,119,1.0789980732177264,Inconclusive
384,BS_42,BS_42_2_AC.pickle,121,3.6266666666666616,NCR
385,BS_42,BS_42_2_AC.pickle,128,0.8923884514435696,NCR
386,BS_42,BS_42_2_AC.pickle,129,1.233689205219454,NCR
387,BS_42,BS_42_2_AC.pickle,131,1.3199999999999996,NCR
388,BS_42,BS_42_2_AC.pickle,135,1.5615615615615615,Inconclusive
389,BS_42,BS_42_3_AC.pickle,5,1.6111111111111114,NCR
390,BS_42,BS_42_3_AC.pickle,12,130.73333333333332,CR (enhanced)
391,BS_42,BS_42_3_AC.pickle,19,0.7666666666666667,NCR
392,BS_42,BS_42_3_AC.pickle,26,2.0333333333333306,NCR
393,BS_42,BS_42_3_AC.pickle,27,1.9455252918287929,NCR
394,BS_42,BS_42_3_AC.pickle,47,2.103448275862068,Inconclusive
395,BS_42,BS_42_3_AC.pickle,48,1.1743119266055055,NCR
396,BS_42,BS_42_3_AC.pickle,49,1.3381995133819948,NCR
397,BS_42,BS_42_3_AC.pickle,51,4.35555555555556,CR (suppressed)
398,BS_42,BS_42_3_AC.pickle,52,2.6222222222222227,CR (enhanced)
399,BS_42,BS_42_3_AC.pickle,53,13.3,CR (enhanced)
400,BS_42,BS_42_3_AC.pickle,55,0.9222222222222223,Inconclusive
401,BS_42,BS_42_3_AC.pickle,56,5.7333333333333405,CR (enhanced)
402,BS_42,BS_42_3_AC.pickle,58,1.9444444444444469,NCR
403,BS_42,BS_42_3_AC.pickle,61,12.15555555555555,CR (enhanced)
404,BS_42,BS_42_3_AC.pickle,62,1.0586552217453506,NCR
405,BS_42,BS_42_3_AC.pickle,63,18.188034188034212,CR (enhanced)
406,BS_42,BS_42_3_AC.pickle,66,5.1777777777777825,Inconclusive
407,BS_42,BS_42_3_AC.pickle,71,20.27777777777778,CR (enhanced)
408,BS_42,BS_42_3_AC.pickle,73,8.211111111111105,CR (enhanced)
409,BS_42,BS_42_3_AC.pickle,80,3.5111111111111133,Inconclusive
410,BS_42,BS_42_3_AC.pickle,82,0.4777777777777782,NCR
411,BS_42,BS_42_3_AC.pickle,92,4.523809523809525,Inconclusive
412,BS_42,BS_42_3_AC.pickle,96,14.34878587196468,CR (enhanced)
413,BS_42,BS_42_3_AC.pickle,97,2.7030812324929983,Inconclusive
414,BS_42,BS_42_3_AC.pickle,99,1.3589128697042363,NCR
415,BS_42,BS_42_3_AC.pickle,101,0.8659793814432997,NCR
416,BS_42,BS_42_3_AC.pickle,102,1.9666666666666681,NCR
417,BS_42,BS_42_3_AC.pickle,105,4.008438818565397,CR (enhanced)
418,BS_42,BS_42_3_AC.pickle,107,50.97777777777771,CR (enhanced)
419,BS_42,BS_42_4_AC.pickle,0,1.997896950578338,Inconclusive
420,BS_42,BS_42_4_AC.pickle,1,2.6182965299684597,CR (suppressed)
421,BS_42,BS_42_4_AC.pickle,7,3.4174553101997858,CR (enhanced)
422,BS_42,BS_42_4_AC.pickle,12,0.8480565371024732,NCR
423,BS_42,BS_42_4_AC.pickle,13,2.1766561514195595,CR (suppressed)
424,BS_42,BS_42_4_AC.pickle,16,5.215562565720304,CR (enhanced)
425,BS_42,BS_42_4_AC.pickle,18,6.572029442691902,CR (enhanced)
426,BS_42,BS_42_4_AC.pickle,26,25.541535226077862,CR (enhanced)
427,BS_42,BS_42_4_AC.pickle,29,0.6191265892758429,NCR
428,BS_42,BS_42_4_AC.pickle,36,3.3274544385655545,CR (suppressed)
429,BS_42,BS_42_4_AC.pickle,38,1.8822292323869556,Inconclusive
430,BS_42,BS_42_4_AC.pickle,40,42.947845804988646,CR (enhanced)
431,BS_42,BS_42_4_AC.pickle,41,38.7802313354363,CR (enhanced)
432,BS_42,BS_42_4_AC.pickle,42,31.629863301787566,CR (enhanced)
433,BS_42,BS_42_4_AC.pickle,45,18.17225509533202,CR (enhanced)
434,BS_42,BS_42_4_AC.pickle,46,1.2855517633674642,NCR
435,BS_42,BS_42_4_AC.pickle,47,2.538552787663106,Inconclusive
436,BS_42,BS_42_4_AC.pickle,48,7.920110192837468,CR (enhanced)
437,BS_42,BS_42_4_AC.pickle,50,9.481981981981987,CR (enhanced)
438,BS_42,BS_42_4_AC.pickle,51,11.125131440588826,CR (enhanced)
439,BS_42,BS_42_4_AC.pickle,52,0.8441558441558441,NCR
440,BS_42,BS_42_4_AC.pickle,57,0.5662100456621005,NCR
441,BS_42,BS_42_4_AC.pickle,58,3.880126182965297,CR (enhanced)
442,BS_42,BS_42_4_AC.pickle,61,8.874868559411139,CR (enhanced)
443,BS_42,BS_42_4_AC.pickle,62,1.3669821240799138,NCR
444,BS_42,BS_42_4_AC.pickle,63,0.4463040446304044,NCR
445,BS_42,BS_42_4_AC.pickle,65,2.660882140274765,Inconclusive
446,BS_42,BS_42_4_AC.pickle,66,4.97801231310466,CR (enhanced)
447,BS_42,BS_42_4_AC.pickle,68,21.661409043112503,CR (enhanced)
448,BS_42,BS_42_4_AC.pickle,69,16.29629629629629,CR (enhanced)
449,BS_42,BS_42_5_AC.pickle,0,2.292993630573249,Inconclusive
450,BS_42,BS_42_5_AC.pickle,1,16.133333333333333,CR (enhanced)
451,BS_42,BS_42_5_AC.pickle,3,0.5200000000000011,NCR
452,BS_42,BS_42_5_AC.pickle,5,0.8532176428054968,NCR
453,BS_42,BS_42_5_AC.pickle,11,1.988950276243093,NCR
454,BS_42,BS_42_5_AC.pickle,13,3.173333333333333,Inconclusive
455,BS_42,BS_42_5_AC.pickle,20,1.2533333333333334,Inconclusive
456,BS_42,BS_42_5_AC.pickle,23,0.6133333333333334,NCR
457,BS_42,BS_42_5_AC.pickle,24,0.639999999999999,NCR
458,BS_42,BS_42_5_AC.pickle,33,23.386666666666667,CR (enhanced)
459,BS_42,BS_42_5_AC.pickle,38,3.960000000000004,CR (suppressed)
460,BS_42,BS_42_5_AC.pickle,39,2.9395218002812933,CR (enhanced)
461,BS_42,BS_42_5_AC.pickle,41,2.655367231638418,Inconclusive
462,BS_42,BS_42_6_AC.pickle,0,0.9263477600607436,NCR
463,BS_42,BS_42_6_AC.pickle,7,3.975757575757578,CR (enhanced)
464,BS_42,BS_42_6_AC.pickle,8,6.069651741293537,CR (enhanced)
465,BS_42,BS_42_6_AC.pickle,9,0.9794628751974719,Inconclusive
466,BS_42,BS_42_6_AC.pickle,18,4.0,Inconclusive
467,BS_42,BS_42_6_AC.pickle,21,7.207977207977202,CR (enhanced)
468,BS_42,BS_42_6_AC.pickle,22,7.677777777777777,CR (enhanced)
469,BS_42,BS_42_6_AC.pickle,26,13.411111111111072,CR (enhanced)
470,BS_42,BS_42_6_AC.pickle,36,1.3502109704641365,Inconclusive
471,BS_42,BS_42_6_AC.pickle,47,3.92452830188679,CR (enhanced)
472,BS_42,BS_42_6_AC.pickle,48,6.8777777777777915,CR (enhanced)
473,BS_42,BS_42_6_AC.pickle,49,5.702527924750152,CR (enhanced)
474,BS_42,BS_42_6_AC.pickle,51,26.352324819908343,CR (enhanced)
475,BS_42,BS_42_6_AC.pickle,52,0.7524059492563433,NCR
476,BS_42,BS_42_6_AC.pickle,62,1.9999999999999996,NCR
477,BS_42,BS_42_6_AC.pickle,65,2.5860023724792405,Inconclusive
478,BS_42,BS_42_6_AC.pickle,66,5.076923076923073,CR (enhanced)
479,BS_42,BS_42_6_AC.pickle,67,0.36697247706422026,NCR
480,BS_42,BS_42_6_AC.pickle,68,3.259259259259259,Inconclusive
481,BS_42,BS_42_6_AC.pickle,70,2.925170068027214,Inconclusive
482,BS_42,BS_42_6_AC.pickle,72,1.5342465753424661,Inconclusive
483,BS_42,BS_42_6_AC.pickle,73,0.7333333333333333,NCR
484,BS_42,BS_42_6_AC.pickle,76,0.26402640264026406,NCR
485,BS_42,BS_42_6_AC.pickle,79,1.275362318840581,NCR
486,BS_42,BS_42_6_AC.pickle,80,0.2842377260981912,NCR
487,BS_42,BS_42_6_AC.pickle,86,4.96706192358367,CR (enhanced)
488,BS_42,BS_42_7_AC.pickle,0,0.366666666666666,NCR
489,BS_42,BS_42_7_AC.pickle,1,1.2387387387387372,Inconclusive
490,BS_42,BS_42_7_AC.pickle,23,12.933333333333316,CR (enhanced)
491,BS_42,BS_42_7_AC.pickle,24,0.5555555555555555,NCR
492,BS_42,BS_42_7_AC.pickle,25,3.076923076923086,NCR
493,BS_42,BS_42_7_AC.pickle,26,0.7555555555555565,NCR
494,BS_42,BS_42_7_AC.pickle,33,6.143410852713168,CR (enhanced)
495,BS_42,BS_42_7_AC.pickle,35,3.4888888888888885,Inconclusive
496,BS_42,BS_42_7_AC.pickle,42,5.966666666666689,CR (enhanced)
497,BS_42,BS_42_7_AC.pickle,45,0.4066543438077632,NCR
498,BS_42,BS_42_7_AC.pickle,46,0.9000000000000008,NCR
499,BS_42,BS_42_7_AC.pickle,47,4.544444444444451,Inconclusive
500,BS_42,BS_42_7_AC.pickle,49,0.8937198067632863,NCR
501,BS_42,BS_42_7_AC.pickle,50,0.8350730688935278,NCR
502,BS_42,BS_42_7_AC.pickle,52,1.9835680751173703,CR (suppressed)
503,BS_42,BS_42_7_AC.pickle,53,0.5000000000000002,NCR
504,BS_42,BS_42_7_AC.pickle,58,1.0555555555555551,NCR
505,BS_42,BS_42_7_AC.pickle,64,0.7333333333333332,NCR
506,BS_42,BS_42_7_AC.pickle,65,1.4000000000000012,Inconclusive
507,BS_42,BS_42_7_AC.pickle,66,0.8333333333333334,NCR
508,BS_42,BS_42_7_AC.pickle,69,1.1999999999999995,Inconclusive
509,BS_42,BS_42_7_AC.pickle,71,2.2098765432098806,Inconclusive
510,BS_42,BS_42_7_AC.pickle,72,3.3999999999999977,Inconclusive
511,BS_42,BS_42_7_AC.pickle,73,0.6790123456790125,NCR
512,BS_42,BS_42_7_AC.pickle,84,0.8444444444444444,NCR
513,BS_42,BS_42_7_AC.pickle,89,1.2345679012345678,Inconclusive
514,BS_42,BS_42_7_AC.pickle,93,3.9080459770114935,Inconclusive
515,BS_42,BS_42_7_AC.pickle,100,32.87449392712553,CR (enhanced)
516,BS_42,BS_42_7_AC.pickle,117,0.3589743589743591,NCR
517,BS_42,BS_42_7_AC.pickle,119,0.7888888888888897,NCR
518,BS_42,BS_42_7_AC.pickle,124,14.862385321100914,CR (enhanced)
519,BS_42,BS_42_8_AC.pickle,13,5.114942528735632,CR (enhanced)
520,BS_42,BS_42_8_AC.pickle,14,3.9924670433145044,CR (enhanced)
521,BS_42,BS_42_9_AC.pickle,9,0.5352798053527981,NCR
522,BS_42,BS_42_9_AC.pickle,32,3.1630170316301696,Inconclusive
523,BS_49,BS_49_10_AC.pickle,12,1.0840108401084012,NCR
524,BS_49,BS_49_12_AC.pickle,6,1.2121212121212117,Inconclusive
525,BS_49,BS_49_12_AC.pickle,10,10.3030303030303,CR (enhanced)
526,BS_49,BS_49_12_AC.pickle,13,4.646464646464645,Inconclusive
527,BS_49,BS_49_12_AC.pickle,22,3.3131313131313127,Inconclusive
528,BS_49,BS_49_12_AC.pickle,39,3.7575757575757582,Inconclusive
529,BS_49,BS_49_12_AC.pickle,49,0.6464646464646466,NCR
530,BS_49,BS_49_14_AC.pickle,12,1.2318840579710149,Inconclusive
531,BS_49,BS_49_14_AC.pickle,16,0.7246376811594224,NCR
532,BS_49,BS_49_16_AC.pickle,7,4.371584699453552,Inconclusive
533,BS_49,BS_49_16_AC.pickle,10,4.4808743169398895,Inconclusive
534,BS_49,BS_49_16_AC.pickle,17,9.508196721311482,Inconclusive
535,BS_49,BS_49_1_AC.pickle,0,0.8672086720867209,NCR
536,BS_49,BS_49_1_AC.pickle,4,3.3965672990063256,Inconclusive
537,BS_49,BS_49_1_AC.pickle,6,23.1616982836495,CR (enhanced)
538,BS_49,BS_49_1_AC.pickle,8,1.5537488708220426,Inconclusive
539,BS_49,BS_49_1_AC.pickle,10,6.919602529358627,Inconclusive
540,BS_49,BS_49_1_AC.pickle,11,2.890695573622398,CR (enhanced)
541,BS_49,BS_49_1_AC.pickle,15,0.6504065040650405,NCR
542,BS_49,BS_49_1_AC.pickle,23,6.39566395663957,CR (enhanced)
543,BS_49,BS_49_1_AC.pickle,24,10.514905149051494,CR (enhanced)
544,BS_49,BS_49_1_AC.pickle,29,1.8809523809523805,Inconclusive
545,BS_49,BS_49_1_AC.pickle,33,0.5420054200542004,NCR
546,BS_49,BS_49_1_AC.pickle,34,1.6440831074977424,Inconclusive
547,BS_49,BS_49_1_AC.pickle,37,0.996884735202492,NCR
548,BS_49,BS_49_1_AC.pickle,46,3.5772357723577217,Inconclusive
549,BS_49,BS_49_1_AC.pickle,48,1.102077687443541,NCR
550,BS_49,BS_49_1_AC.pickle,49,1.3188798554652204,NCR
551,BS_49,BS_49_1_AC.pickle,58,2.0596205962059693,Inconclusive
552,BS_49,BS_49_1_AC.pickle,66,3.1255645889792247,CR (enhanced)
553,BS_49,BS_49_1_AC.pickle,69,1.9331526648599808,Inconclusive
554,BS_49,BS_49_1_AC.pickle,71,1.0117434507678411,NCR
555,BS_49,BS_49_1_AC.pickle,73,0.8491418247515814,Inconclusive
556,BS_49,BS_49_1_AC.pickle,74,3.595302619692863,Inconclusive
557,BS_49,BS_49_1_AC.pickle,80,1.2285456187895218,Inconclusive
558,BS_49,BS_49_1_AC.pickle,81,0.8130081300812999,NCR
559,BS_49,BS_49_1_AC.pickle,82,4.6251129177958425,CR (enhanced)
560,BS_49,BS_49_1_AC.pickle,83,0.5500550055005501,NCR
561,BS_49,BS_49_1_AC.pickle,94,0.3750000000000003,NCR
562,BS_49,BS_49_1_AC.pickle,96,8.148148148148158,CR (enhanced)
563,BS_49,BS_49_1_AC.pickle,97,1.4453477868112015,Inconclusive
564,BS_49,BS_49_1_AC.pickle,105,1.2748171368861032,NCR
565,BS_49,BS_49_1_AC.pickle,108,2.2764227642276462,Inconclusive
566,BS_49,BS_49_1_AC.pickle,111,1.2285456187895205,NCR
567,BS_49,BS_49_1_AC.pickle,112,2.2944896115627853,Inconclusive
568,BS_49,BS_49_1_AC.pickle,113,1.6260162601626023,Inconclusive
569,BS_49,BS_49_1_AC.pickle,118,1.9152854511970507,Inconclusive
570,BS_49,BS_49_1_AC.pickle,124,4.433497536945816,Inconclusive
571,BS_49,BS_49_1_AC.pickle,129,12.195121951219514,CR (enhanced)
572,BS_49,BS_49_1_AC.pickle,132,2.6738934056007264,Inconclusive
573,BS_49,BS_49_1_AC.pickle,133,0.28906955736224027,NCR
574,BS_49,BS_49_1_AC.pickle,135,4.724061810154522,CR (enhanced)
575,BS_49,BS_49_1_AC.pickle,143,11.074977416440833,CR (enhanced)
576,BS_49,BS_49_1_AC.pickle,146,1.3730803974706407,Inconclusive
577,BS_49,BS_49_1_AC.pickle,150,1.7886178861788622,Inconclusive
578,BS_49,BS_49_1_AC.pickle,152,0.9936766034326998,NCR
579,BS_49,BS_49_1_AC.pickle,155,1.2672176308539942,Inconclusive
580,BS_49,BS_49_1_AC.pickle,157,0.5058717253839211,NCR
581,BS_49,BS_49_1_AC.pickle,161,1.7705510388437231,Inconclusive
582,BS_49,BS_49_1_AC.pickle,162,2.603550295857989,Inconclusive
583,BS_49,BS_49_1_AC.pickle,169,1.318879855465221,NCR
584,BS_49,BS_49_1_AC.pickle,176,0.6349206349206346,NCR
585,BS_49,BS_49_1_AC.pickle,178,5.185185185185187,CR (enhanced)
586,BS_49,BS_49_1_AC.pickle,188,1.5686274509803924,Inconclusive
587,BS_49,BS_49_2_AC.pickle,4,3.1652661064425747,Inconclusive
588,BS_49,BS_49_2_AC.pickle,6,4.17254901960784,CR (enhanced)
589,BS_49,BS_49_2_AC.pickle,11,4.188235294117644,CR (enhanced)
590,BS_49,BS_49_2_AC.pickle,12,17.731481481481474,CR (enhanced)
591,BS_49,BS_49_2_AC.pickle,16,2.2274509803921583,NCR
592,BS_49,BS_49_2_AC.pickle,17,8.800000000000006,Inconclusive
593,BS_49,BS_49_2_AC.pickle,20,1.1764705882352946,NCR
594,BS_49,BS_49_2_AC.pickle,26,8.586387434554972,Inconclusive
595,BS_49,BS_49_2_AC.pickle,30,12.909803921568626,CR (enhanced)
596,BS_49,BS_49_2_AC.pickle,31,11.921568627450982,CR (enhanced)
597,BS_49,BS_49_2_AC.pickle,39,5.991341991341984,Inconclusive
598,BS_49,BS_49_2_AC.pickle,42,3.5294117647058783,CR (enhanced)
599,BS_49,BS_49_2_AC.pickle,47,10.149019607843137,CR (enhanced)
600,BS_49,BS_49_2_AC.pickle,58,2.7607843137254893,Inconclusive
601,BS_49,BS_49_2_AC.pickle,60,1.3019607843137266,NCR
602,BS_49,BS_49_2_AC.pickle,64,2.337254901960788,Inconclusive
603,BS_49,BS_49_2_AC.pickle,66,2.268041237113404,Inconclusive
604,BS_49,BS_49_2_AC.pickle,69,1.8829516539440205,NCR
605,BS_49,BS_49_2_AC.pickle,78,5.239215686274507,Inconclusive
606,BS_49,BS_49_2_AC.pickle,86,2.7294117647058846,Inconclusive
607,BS_49,BS_49_2_AC.pickle,90,6.698039215686274,CR (enhanced)
608,BS_49,BS_49_2_AC.pickle,102,2.2745098039215708,Inconclusive
609,BS_49,BS_49_2_AC.pickle,105,3.8745098039215673,Inconclusive
610,BS_49,BS_49_2_AC.pickle,110,8.594771241830069,CR (enhanced)
611,BS_49,BS_49_2_AC.pickle,111,11.230769230769228,CR (enhanced)
612,BS_49,BS_49_2_AC.pickle,113,4.207119741100325,Inconclusive
613,BS_49,BS_49_2_AC.pickle,115,1.3102119460500967,Inconclusive
614,BS_49,BS_49_2_AC.pickle,116,4.396135265700484,CR (enhanced)
615,BS_49,BS_49_2_AC.pickle,122,6.829268292682932,Inconclusive
616,BS_49,BS_49_2_AC.pickle,127,4.128902316213494,NCR
617,BS_49,BS_49_2_AC.pickle,128,15.647382920110184,CR (enhanced)
618,BS_49,BS_49_4_AC.pickle,0,1.7999999999999998,Inconclusive
619,BS_49,BS_49_4_AC.pickle,7,2.2000000000000006,Inconclusive
620,BS_49,BS_49_4_AC.pickle,9,27.799999999999997,CR (enhanced)
621,BS_49,BS_49_4_AC.pickle,11,4.533333333333332,Inconclusive
622,BS_49,BS_49_4_AC.pickle,14,18.933333333333323,CR (enhanced)
623,BS_49,BS_49_4_AC.pickle,16,13.533333333333333,CR (enhanced)
624,BS_49,BS_49_4_AC.pickle,18,5.866666666666665,CR (enhanced)
625,BS_49,BS_49_4_AC.pickle,19,1.0,NCR
626,BS_49,BS_49_4_AC.pickle,20,13.666666666666664,CR (enhanced)
627,BS_49,BS_49_4_AC.pickle,25,6.333333333333334,CR (enhanced)
628,BS_49,BS_49_4_AC.pickle,27,13.533333333333328,CR (suppressed)
629,BS_49,BS_49_4_AC.pickle,28,1.4,Inconclusive
630,BS_49,BS_49_4_AC.pickle,29,28.199999999999996,CR (enhanced)
631,BS_49,BS_49_4_AC.pickle,35,29.000000000000004,CR (enhanced)
632,BS_49,BS_49_4_AC.pickle,36,5.9333333333333345,CR (enhanced)
633,BS_49,BS_49_4_AC.pickle,39,22.199999999999996,CR (enhanced)
634,BS_49,BS_49_4_AC.pickle,45,17.599999999999994,CR (enhanced)
635,BS_49,BS_49_4_AC.pickle,46,22.866666666666656,CR (enhanced)
636,BS_49,BS_49_4_AC.pickle,53,34.66666666666667,CR (enhanced)
637,BS_49,BS_49_4_AC.pickle,54,3.266666666666667,Inconclusive
638,BS_49,BS_49_4_AC.pickle,55,3.066666666666667,CR (suppressed)
639,BS_49,BS_49_4_AC.pickle,56,16.20000000000001,CR (enhanced)
640,BS_49,BS_49_4_AC.pickle,58,1.3333333333333337,NCR
641,BS_49,BS_49_4_AC.pickle,66,5.933333333333334,CR (enhanced)
642,BS_49,BS_49_4_AC.pickle,68,16.199999999999992,CR (enhanced)
643,BS_49,BS_49_4_AC.pickle,71,2.4000000000000004,NCR
644,BS_49,BS_49_4_AC.pickle,73,12.4,CR (enhanced)
645,BS_49,BS_49_5_AC.pickle,9,9.333333333333332,CR (enhanced)
646,BS_49,BS_49_5_AC.pickle,13,1.9555555555555557,Inconclusive
647,BS_49,BS_49_5_AC.pickle,14,3.9999999999999987,CR (enhanced)
648,BS_49,BS_49_5_AC.pickle,18,4.711111111111111,CR (enhanced)
649,BS_49,BS_49_5_AC.pickle,24,0.8888888888888887,NCR
650,BS_49,BS_49_6_AC.pickle,0,5.384615384615385,CR (enhanced)
651,BS_49,BS_49_6_AC.pickle,4,12.17948717948718,CR (enhanced)
652,BS_49,BS_49_7_AC.pickle,2,4.8717948717948705,CR (enhanced)
653,BS_49,BS_49_7_AC.pickle,4,5.897435897435897,Inconclusive
654,BS_49,BS_49_9_AC.pickle,6,6.548323471400395,Inconclusive
655,BS_49,BS_49_9_AC.pickle,11,5.83333333333333,CR (enhanced)
656,BS_49,BS_49_9_AC.pickle,15,6.078431372549015,CR (enhanced)
657,BS_49,BS_49_9_AC.pickle,18,17.622549019607856,CR (enhanced)
658,BS_49,BS_49_9_AC.pickle,25,1.2051282051282055,NCR
659,BS_49,BS_49_9_AC.pickle,26,30.392156862745114,CR (enhanced)
660,BS_49,BS_49_9_AC.pickle,27,3.750000000000002,CR (enhanced)
661,BS_49,BS_49_9_AC.pickle,28,20.80882352941175,CR (enhanced)
662,BS_49,BS_49_9_AC.pickle,31,1.8518518518518519,Inconclusive
663,BS_49,BS_49_9_AC.pickle,32,1.2531328320802002,Inconclusive
664,BS_49,BS_49_9_AC.pickle,33,14.95098039215687,CR (enhanced)
665,BS_49,BS_49_9_AC.pickle,45,4.076923076923076,CR (suppressed)
666,BS_49,BS_49_9_AC.pickle,49,1.1029411764705879,NCR
667,BS_49,BS_49_9_AC.pickle,61,11.102941176470594,CR (enhanced)
668,BS_49,BS_49_9_AC.pickle,62,0.6127450980392155,NCR
669,BS_50,BS_50_2_AC.pickle,2,8.217054263565892,CR (enhanced)
670,BS_50,BS_50_2_AC.pickle,6,14.470284237726094,CR (enhanced)
671,BS_50,BS_50_2_AC.pickle,10,1.1886304909560723,Inconclusive
672,BS_50,BS_50_2_AC.pickle,14,13.901808785529713,CR (enhanced)
673,BS_50,BS_50_2_AC.pickle,18,2.2222222222222228,Inconclusive
674,BS_50,BS_50_2_AC.pickle,19,1.5503875968992251,NCR
675,BS_50,BS_50_2_AC.pickle,23,4.702842377260982,CR (enhanced)
676,BS_50,BS_50_2_AC.pickle,32,3.152454780361757,CR (suppressed)
677,BS_50,BS_50_2_AC.pickle,35,27.338501291989672,CR (enhanced)
678,BS_50,BS_50_2_AC.pickle,42,4.754521963824288,CR (suppressed)
679,BS_50,BS_50_2_AC.pickle,43,8.630490956072348,CR (enhanced)
680,BS_50,BS_50_2_AC.pickle,47,5.529715762273902,Inconclusive
681,BS_50,BS_50_2_AC.pickle,65,1.65374677002584,Inconclusive
682,BS_50,BS_50_2_AC.pickle,68,1.4470284237726099,Inconclusive
683,BS_50,BS_50_2_AC.pickle,74,35.45219638242894,CR (enhanced)
684,BS_50,BS_50_2_AC.pickle,79,3.049095607235142,CR (suppressed)
685,BS_50,BS_50_2_AC.pickle,81,3.462532299741601,Inconclusive
686,BS_50,BS_50_2_AC.pickle,83,2.8940568475452197,CR (suppressed)
687,BS_50,BS_50_2_AC.pickle,88,2.790697674418605,CR (suppressed)
688,BS_50,BS_50_2_AC.pickle,91,3.4108527131782957,Inconclusive
689,BS_50,BS_50_2_AC.pickle,95,10.69767441860465,CR (suppressed)
690,BS_50,BS_50_3_AC.pickle,0,17.733333333333338,CR (enhanced)
691,BS_50,BS_50_3_AC.pickle,3,65.79047619047616,CR (enhanced)
692,BS_50,BS_50_3_AC.pickle,6,18.09523809523808,CR (enhanced)
693,BS_50,BS_50_3_AC.pickle,11,11.714285714285712,CR (suppressed)
694,BS_50,BS_50_3_AC.pickle,16,3.6571428571428584,Inconclusive
695,BS_50,BS_50_3_AC.pickle,21,6.553030303030304,CR (enhanced)
696,BS_50,BS_50_3_AC.pickle,28,1.9999999999999993,Inconclusive
697,BS_50,BS_50_3_AC.pickle,32,3.987538940809973,Inconclusive
698,BS_50,BS_50_3_AC.pickle,34,9.31428571428572,CR (enhanced)
699,BS_50,BS_50_3_AC.pickle,41,37.3904761904762,CR (enhanced)
700,BS_50,BS_50_3_AC.pickle,45,7.0132517838939865,CR (enhanced)
701,BS_50,BS_50_3_AC.pickle,50,1.1188811188811192,NCR
702,BS_50,BS_50_7_AC.pickle,3,0.9416195856873822,NCR
703,BS_50,BS_50_7_AC.pickle,5,1.4061519146264911,Inconclusive
704,BS_50,BS_50_7_AC.pickle,10,0.729684908789386,NCR
705,BS_50,BS_50_7_AC.pickle,12,2.9001883239171367,Inconclusive
706,BS_50,BS_50_7_AC.pickle,20,0.7607192254495159,NCR
707,BS_50,BS_50_7_AC.pickle,23,1.2052730696798484,Inconclusive
708,BS_51,BS_51_2_AC.pickle,0,2.0143884892086334,Inconclusive
709,BS_51,BS_51_2_AC.pickle,3,0.927960927960928,NCR
710,BS_51,BS_51_2_AC.pickle,7,1.2454212454212468,Inconclusive
711,BS_51,BS_51_2_AC.pickle,12,0.8302808302808306,NCR
712,BS_56,BS_56_1_AC.pickle,0,0.5494505494505495,Inconclusive
713,BS_56,BS_56_1_AC.pickle,3,4.94505494505495,Inconclusive
714,BS_56,BS_56_1_AC.pickle,10,1.5384615384615388,Inconclusive
715,BS_56,BS_56_1_AC.pickle,11,0.9009009009009009,NCR
716,BS_56,BS_56_1_AC.pickle,14,0.952380952380952,NCR
717,BS_56,BS_56_1_AC.pickle,15,1.0622710622710625,Inconclusive
718,BS_56,BS_56_1_AC.pickle,16,3.809523809523811,Inconclusive
719,BS_56,BS_56_1_AC.pickle,17,0.21978021978021983,Inconclusive
720,BS_56,BS_56_1_AC.pickle,26,1.7216117216117215,CR (enhanced)
721,BS_56,BS_56_2_AC.pickle,9,4.210526315789474,CR (enhanced)
722,BS_56,BS_56_3_AC.pickle,2,0.9000000000000005,NCR
723,BS_56,BS_56_3_AC.pickle,7,0.5833333333333336,NCR
724,BS_56,BS_56_3_AC.pickle,10,1.1333333333333346,NCR
725,BS_56,BS_56_3_AC.pickle,13,0.6666666666666672,NCR
726,BS_56,BS_56_3_AC.pickle,20,0.7500000000000001,NCR
727,BS_56,BS_56_3_AC.pickle,30,0.4333333333333334,NCR
728,BS_56,BS_56_3_AC.pickle,31,0.5333333333333331,NCR
729,BS_56,BS_56_3_AC.pickle,35,4.383333333333336,Inconclusive
730,BS_56,BS_56_4_AC.pickle,5,3.2653061224489788,Inconclusive
731,BS_56,BS_56_4_AC.pickle,6,2.3129251700680267,Inconclusive
732,BS_67,BS_67_1_AC.pickle,10,1.9209039548022588,NCR
733,BS_67,BS_67_1_AC.pickle,14,4.7047619047619165,Inconclusive
734,BS_67,BS_67_1_AC.pickle,16,4.957264957264958,CR (enhanced)
735,BS_67,BS_67_1_AC.pickle,19,17.858880778588805,CR (enhanced)
736,BS_67,BS_67_1_AC.pickle,31,10.419047619047602,CR (enhanced)
737,BS_67,BS_67_1_AC.pickle,55,14.684095860566448,CR (enhanced)
738,BS_67,BS_67_1_AC.pickle,59,7.999999999999997,CR (enhanced)
739,BS_67,BS_67_2_AC.pickle,1,1.8741633199464525,CR (enhanced)
740,BS_67,BS_67_2_AC.pickle,5,7.333333333333333,Inconclusive
741,BS_67,BS_67_2_AC.pickle,8,0.7588075880758809,NCR
742,BS_67,BS_67_2_AC.pickle,43,2.9718875502008033,CR (enhanced)
743,BS_67,BS_67_2_AC.pickle,47,16.666666666666668,CR (enhanced)
744,BS_67,BS_67_2_AC.pickle,49,9.24731182795699,CR (enhanced)
745,BS_67,BS_67_3_AC.pickle,26,0.925925925925926,Inconclusive
746,BS_70,BS_70_10_AC.pickle,11,24.944444444444464,CR (enhanced)
747,BS_70,BS_70_10_AC.pickle,16,0.7680491551459314,Inconclusive
748,BS_70,BS_70_10_AC.pickle,19,2.642089093701996,Inconclusive
749,BS_70,BS_70_10_AC.pickle,27,1.1674347158218108,NCR
750,BS_70,BS_70_10_AC.pickle,30,0.6912442396313367,NCR
751,BS_70,BS_70_10_AC.pickle,37,1.3210445468510001,NCR
752,BS_70,BS_70_10_AC.pickle,38,1.3202933985330085,NCR
753,BS_70,BS_70_10_AC.pickle,41,1.488888888888887,NCR
754,BS_70,BS_70_10_AC.pickle,43,2.580645161290321,Inconclusive
755,BS_70,BS_70_11_AC.pickle,14,2.55208333333333,Inconclusive
756,BS_70,BS_70_11_AC.pickle,15,0.9895833333333334,NCR
757,BS_70,BS_70_11_AC.pickle,18,1.3888888888888886,Inconclusive
758,BS_70,BS_70_11_AC.pickle,23,4.53124999999999,Inconclusive
759,BS_70,BS_70_11_AC.pickle,24,0.8536585365853661,NCR
760,BS_70,BS_70_11_AC.pickle,32,3.802083333333332,Inconclusive
761,BS_70,BS_70_11_AC.pickle,35,2.1874999999999996,Inconclusive
762,BS_70,BS_70_11_AC.pickle,37,0.7638888888888906,NCR
763,BS_70,BS_70_11_AC.pickle,38,0.8159722222222209,Inconclusive
764,BS_70,BS_70_12_AC.pickle,5,1.5359477124183,Inconclusive
765,BS_70,BS_70_12_AC.pickle,6,3.1243781094527345,CR (suppressed)
766,BS_70,BS_70_12_AC.pickle,7,0.9309309309309319,Inconclusive
767,BS_70,BS_70_12_AC.pickle,19,2.0080321285140563,Inconclusive
768,BS_70,BS_70_12_AC.pickle,20,2.5120772946859904,Inconclusive
769,BS_70,BS_70_13_AC.pickle,5,0.6435006435006433,Inconclusive
770,BS_70,BS_70_13_AC.pickle,8,3.912483912483913,Inconclusive
771,BS_70,BS_70_13_AC.pickle,18,5.070785070785068,CR (suppressed)
772,BS_70,BS_70_1_AC.pickle,1,12.5626204238921,CR (suppressed)
773,BS_70,BS_70_1_AC.pickle,2,2.303921568627451,NCR
774,BS_70,BS_70_1_AC.pickle,13,35.87668593448939,CR (enhanced)
775,BS_70,BS_70_1_AC.pickle,15,8.901734104046245,CR (enhanced)
776,BS_70,BS_70_1_AC.pickle,23,9.903660886319845,CR (enhanced)
777,BS_70,BS_70_1_AC.pickle,31,2.7360308285163764,Inconclusive
778,BS_70,BS_70_1_AC.pickle,37,5.703275529865122,CR (suppressed)
779,BS_70,BS_70_1_AC.pickle,42,1.6955684007707135,NCR
780,BS_70,BS_70_1_AC.pickle,58,0.69364161849711,NCR
781,BS_70,BS_70_1_AC.pickle,66,2.54335260115607,NCR
782,BS_70,BS_70_1_AC.pickle,69,3.622350674373795,CR (enhanced)
783,BS_70,BS_70_1_AC.pickle,72,5.904761904761905,Inconclusive
784,BS_70,BS_70_1_AC.pickle,73,2.157996146435452,Inconclusive
785,BS_70,BS_70_1_AC.pickle,74,1.0019267822736033,Inconclusive
786,BS_70,BS_70_1_AC.pickle,77,2.3655913978494625,Inconclusive
787,BS_70,BS_70_1_AC.pickle,78,6.204238921001925,CR (enhanced)
788,BS_70,BS_70_1_AC.pickle,80,0.6165703275529867,NCR
789,BS_70,BS_70_1_AC.pickle,81,2.427745664739884,NCR
790,BS_70,BS_70_1_AC.pickle,85,0.6551059730250482,NCR
791,BS_70,BS_70_1_AC.pickle,88,0.6936416184971098,NCR
792,BS_70,BS_70_1_AC.pickle,91,1.618497109826588,NCR
793,BS_70,BS_70_1_AC.pickle,98,3.5838150289017334,CR (enhanced)
794,BS_70,BS_70_1_AC.pickle,124,0.9661835748792269,NCR
795,BS_70,BS_70_1_AC.pickle,127,4.93256262042389,Inconclusive
796,BS_70,BS_70_1_AC.pickle,140,56.184971098265905,CR (enhanced)
797,BS_70,BS_70_1_AC.pickle,141,3.275529865125243,Inconclusive
798,BS_70,BS_70_5_AC.pickle,0,5.659259259259257,CR (suppressed)
799,BS_70,BS_70_5_AC.pickle,3,2.0101781170483446,Inconclusive
800,BS_70,BS_70_5_AC.pickle,4,1.9211195928753195,Inconclusive
801,BS_70,BS_70_5_AC.pickle,10,8.271872740419377,CR (enhanced)
802,BS_70,BS_70_6_AC.pickle,2,1.1317418213969939,NCR
803,BS_70,BS_70_6_AC.pickle,3,0.49513704686118476,NCR
804,BS_70,BS_70_6_AC.pickle,14,1.5384615384615385,Inconclusive
805,BS_70,BS_70_6_AC.pickle,16,0.9677419354838708,NCR
806,BS_70,BS_70_6_AC.pickle,37,1.9688109161793423,NCR
807,BS_70,BS_70_6_AC.pickle,42,1.7283950617283943,Inconclusive
808,BS_70,BS_70_6_AC.pickle,51,1.7329255861365935,Inconclusive
809,BS_70,BS_70_6_AC.pickle,52,0.40211640211640237,NCR
810,BS_70,BS_70_6_AC.pickle,56,1.274509803921568,NCR
811,BS_70,BS_70_6_AC.pickle,68,2.8134556574923537,NCR
812,BS_70,BS_70_6_AC.pickle,73,1.0071942446043167,NCR
813,BS_70,BS_70_6_AC.pickle,74,0.7073386383731214,NCR
814,BS_70,BS_70_6_AC.pickle,78,2.6183282980866016,Inconclusive
815,BS_70,BS_70_6_AC.pickle,81,0.79575596816976,NCR
816,BS_70,BS_70_7_AC.pickle,15,1.1751412429378538,Inconclusive
817,BS_70,BS_70_7_AC.pickle,22,11.711711711711708,CR (enhanced)
818,BS_70,BS_70_7_AC.pickle,45,7.631578947368415,CR (enhanced)
819,BS_70,BS_70_7_AC.pickle,49,4.952380952380951,Inconclusive
820,BS_70,BS_70_7_AC.pickle,51,1.1825192802056552,NCR
821,BS_70,BS_70_7_AC.pickle,62,8.324125230202576,CR (enhanced)
822,BS_70,BS_70_7_AC.pickle,63,7.969151670951159,CR (enhanced)
823,BS_70,BS_70_7_AC.pickle,72,2.4967824967824974,Inconclusive
824,BS_70,BS_70_8_AC.pickle,1,3.039014373716636,Inconclusive
825,BS_70,BS_70_8_AC.pickle,3,1.9134396355353085,Inconclusive
826,BS_70,BS_70_8_AC.pickle,18,1.3689253935660464,Inconclusive
827,BS_70,BS_70_8_AC.pickle,20,3.737166324435318,NCR
828,BS_70,BS_70_8_AC.pickle,21,13.699788583509507,CR (enhanced)
829,BS_70,BS_70_8_AC.pickle,25,0.7255304585900076,NCR
830,BS_70,BS_70_8_AC.pickle,28,1.5958240119313933,Inconclusive
831,BS_70,BS_70_8_AC.pickle,29,1.4373716632443516,Inconclusive
832,BS_70,BS_70_8_AC.pickle,32,0.6511627906976741,NCR
833,BS_70,BS_70_8_AC.pickle,36,2.2771535580524342,Inconclusive
834,BS_70,BS_70_8_AC.pickle,40,1.6837782340862437,NCR
835,BS_70,BS_70_8_AC.pickle,42,2.4914442162902133,Inconclusive
836,BS_70,BS_70_8_AC.pickle,48,10.363984674329505,CR (enhanced)
837,BS_70,BS_70_8_AC.pickle,52,0.5065023956194391,NCR
838,BS_70,BS_70_8_AC.pickle,53,0.3361344537815123,NCR
839,BS_70,BS_70_9_AC.pickle,8,0.6381534283774596,NCR
840,BS_70,BS_70_9_AC.pickle,9,2.565400843881853,CR (suppressed)
841,BS_70,BS_70_9_AC.pickle,14,1.0997963340122203,Inconclusive
842,BS_70,BS_70_9_AC.pickle,15,1.439239646978954,Inconclusive
843,BS_70,BS_70_9_AC.pickle,20,1.068702290076336,Inconclusive
844,BS_70,BS_70_9_AC.pickle,21,2.1076233183856505,Inconclusive
845,BS_70,BS_70_9_AC.pickle,34,0.7246376811594196,NCR
846,BS_70,BS_70_9_AC.pickle,35,4.317718940936871,Inconclusive
847,BS_70,BS_70_9_AC.pickle,36,1.9959266802444025,Inconclusive
848,BS_70,BS_70_9_AC.pickle,38,1.6564833672776647,Inconclusive
849,BS_70,BS_70_9_AC.pickle,40,1.3170400543109302,NCR
850,BS_70,BS_70_9_AC.pickle,41,0.8934707903780075,Inconclusive
851,BS_70,BS_70_9_AC.pickle,48,6.0903426791277235,Inconclusive
852,BS_70,BS_70_9_AC.pickle,54,1.041666666666668,Inconclusive
853,BS_70,BS_70_9_AC.pickle,56,10.999160369437451,CR (enhanced)
854,BS_70,BS_70_9_AC.pickle,60,8.921282798833824,CR (enhanced)
855,BS_72,BS_72_10_AC.pickle,1,1.2790697674418603,Inconclusive
856,BS_72,BS_72_10_AC.pickle,13,1.214203894616265,NCR
857,BS_72,BS_72_10_AC.pickle,18,13.402061855670107,CR (enhanced)
858,BS_72,BS_72_10_AC.pickle,24,1.351660939289803,Inconclusive
859,BS_72,BS_72_10_AC.pickle,31,0.726817042606514,Inconclusive
860,BS_72,BS_72_10_AC.pickle,32,0.7331042382588774,NCR
861,BS_72,BS_72_10_AC.pickle,39,2.7949599083619705,Inconclusive
862,BS_72,BS_72_12_AC.pickle,22,2.683615819209039,NCR
863,BS_72,BS_72_12_AC.pickle,25,1.7564870259481034,NCR
864,BS_72,BS_72_13_AC.pickle,0,1.321713870733477,Inconclusive
865,BS_72,BS_72_13_AC.pickle,6,4.671916010498688,CR (suppressed)
866,BS_72,BS_72_13_AC.pickle,10,7.267759562841531,CR (suppressed)
867,BS_72,BS_72_13_AC.pickle,12,6.840958605664477,CR (suppressed)
868,BS_72,BS_72_1_AC.pickle,0,12.38546603475514,Inconclusive
869,BS_72,BS_72_1_AC.pickle,5,3.34913112164297,NCR
870,BS_72,BS_72_1_AC.pickle,16,2.666666666666667,Inconclusive
871,BS_72,BS_72_1_AC.pickle,18,3.1578947368421053,Inconclusive
872,BS_72,BS_72_1_AC.pickle,20,1.4814814814814814,Inconclusive
873,BS_72,BS_72_1_AC.pickle,24,1.579778830963664,Inconclusive
874,BS_72,BS_72_1_AC.pickle,26,0.9876543209876544,NCR
875,BS_72,BS_72_1_AC.pickle,27,2.051282051282051,Inconclusive
876,BS_72,BS_72_1_AC.pickle,29,0.6635071090047393,NCR
877,BS_72,BS_72_1_AC.pickle,30,12.922590837282781,CR (enhanced)
878,BS_72,BS_72_1_AC.pickle,31,1.674565560821485,NCR
879,BS_72,BS_72_1_AC.pickle,32,2.5641025641025643,Inconclusive
880,BS_72,BS_72_1_AC.pickle,38,5.5924170616113775,Inconclusive
881,BS_72,BS_72_1_AC.pickle,41,1.4218009478672986,Inconclusive
882,BS_72,BS_72_1_AC.pickle,51,1.839080459770115,Inconclusive
883,BS_72,BS_72_1_AC.pickle,54,7.582938388625593,Inconclusive
884,BS_72,BS_72_1_AC.pickle,58,1.4689265536723164,NCR
885,BS_72,BS_72_2_AC.pickle,0,2.1176470588235285,NCR
886,BS_72,BS_72_2_AC.pickle,1,2.8947368421052637,Inconclusive
887,BS_72,BS_72_2_AC.pickle,3,22.588235294117645,CR (enhanced)
888,BS_72,BS_72_2_AC.pickle,7,6.627450980392157,Inconclusive
889,BS_72,BS_72_2_AC.pickle,8,2.470588235294118,CR (suppressed)
890,BS_72,BS_72_2_AC.pickle,17,6.039215686274509,Inconclusive
891,BS_72,BS_72_2_AC.pickle,19,12.470588235294118,CR (enhanced)
892,BS_72,BS_72_2_AC.pickle,20,2.4489795918367347,NCR
893,BS_72,BS_72_2_AC.pickle,26,1.9607843137254903,NCR
894,BS_72,BS_72_2_AC.pickle,45,0.9803921568627448,NCR
895,BS_72,BS_72_2_AC.pickle,52,4.9350649350649345,Inconclusive
896,BS_72,BS_72_4_AC.pickle,0,21.666666666666654,CR (enhanced)
897,BS_72,BS_72_4_AC.pickle,2,1.4754098360655743,NCR
898,BS_72,BS_72_4_AC.pickle,7,2.019607843137254,Inconclusive
899,BS_72,BS_72_4_AC.pickle,9,7.363945578231298,CR (enhanced)
900,BS_72,BS_72_4_AC.pickle,10,6.802721088435374,CR (suppressed)
901,BS_72,BS_72_4_AC.pickle,11,12.569659442724467,CR (enhanced)
902,BS_72,BS_72_4_AC.pickle,12,1.1054421768707474,NCR
903,BS_72,BS_72_4_AC.pickle,34,3.3163265306122454,Inconclusive
904,BS_72,BS_72_4_AC.pickle,43,1.3605442176870752,Inconclusive
905,BS_72,BS_72_4_AC.pickle,44,4.075117370892018,CR (enhanced)
906,BS_72,BS_72_4_AC.pickle,46,7.562189054726367,CR (enhanced)
907,BS_72,BS_72_4_AC.pickle,54,10.068027210884367,CR (enhanced)
908,BS_72,BS_72_4_AC.pickle,55,31.238938053097336,CR (enhanced)
909,BS_72,BS_72_4_AC.pickle,64,6.955782312925171,CR (enhanced)
910,BS_72,BS_72_4_AC.pickle,68,4.642857142857143,CR (enhanced)
911,BS_72,BS_72_4_AC.pickle,70,18.323108384458077,CR (enhanced)
912,BS_72,BS_72_4_AC.pickle,79,5.986394557823132,Inconclusive
913,BS_72,BS_72_4_AC.pickle,80,0.5660377358490566,NCR
914,BS_72,BS_72_4_AC.pickle,88,5.493197278911565,Inconclusive
915,BS_72,BS_72_4_AC.pickle,90,1.2474437627811858,NCR
916,BS_72,BS_72_4_AC.pickle,95,1.7687074829931975,Inconclusive
917,BS_72,BS_72_4_AC.pickle,100,0.37037037037037046,NCR
918,BS_72,BS_72_4_AC.pickle,101,5.346534653465347,Inconclusive
919,BS_72,BS_72_4_AC.pickle,114,1.4575866188769409,Inconclusive
920,BS_72,BS_72_4_AC.pickle,115,29.14965986394558,CR (enhanced)
921,BS_72,BS_72_5_AC.pickle,0,3.1643625192012292,Inconclusive
922,BS_72,BS_72_5_AC.pickle,10,39.34666666666668,CR (enhanced)
923,BS_72,BS_72_5_AC.pickle,14,0.9663865546218493,Inconclusive
924,BS_72,BS_72_5_AC.pickle,22,24.559999999999995,CR (enhanced)
925,BS_72,BS_72_5_AC.pickle,33,19.02745098039214,CR (enhanced)
926,BS_72,BS_72_5_AC.pickle,36,20.210970464135016,CR (enhanced)
927,BS_72,BS_72_5_AC.pickle,37,1.4879649890590811,NCR
928,BS_72,BS_72_5_AC.pickle,42,35.62666666666672,CR (enhanced)
929,BS_72,BS_72_5_AC.pickle,54,0.9322033898305085,NCR
930,BS_72,BS_72_5_AC.pickle,55,3.359999999999999,Inconclusive
931,BS_72,BS_72_5_AC.pickle,56,1.1755952380952377,NCR
932,BS_72,BS_72_5_AC.pickle,58,0.4799999999999999,NCR
933,BS_72,BS_72_5_AC.pickle,61,12.133333333333331,CR (enhanced)
934,BS_72,BS_72_5_AC.pickle,63,0.6666666666666667,NCR
935,BS_72,BS_72_5_AC.pickle,66,5.245098039215683,CR (enhanced)
936,BS_72,BS_72_6_AC.pickle,0,0.47519217330538105,NCR
937,BS_72,BS_72_6_AC.pickle,7,15.826666666666659,CR (enhanced)
938,BS_72,BS_72_6_AC.pickle,12,2.866666666666672,Inconclusive
939,BS_72,BS_72_6_AC.pickle,13,2.72,Inconclusive
940,BS_72,BS_72_6_AC.pickle,14,4.483430799220272,Inconclusive
941,BS_72,BS_72_6_AC.pickle,17,3.893333333333338,Inconclusive
942,BS_72,BS_72_6_AC.pickle,22,1.2490241998438727,Inconclusive
943,BS_72,BS_72_6_AC.pickle,23,11.053333333333326,CR (enhanced)
944,BS_72,BS_72_6_AC.pickle,26,11.373333333333322,CR (enhanced)
945,BS_72,BS_72_6_AC.pickle,27,7.605409705648372,CR (enhanced)
946,BS_72,BS_72_6_AC.pickle,28,2.960000000000004,Inconclusive
947,BS_72,BS_72_6_AC.pickle,29,2.692939244663382,NCR
948,BS_72,BS_72_6_AC.pickle,31,8.69333333333334,Inconclusive
949,BS_72,BS_72_6_AC.pickle,32,2.7188081936685298,Inconclusive
950,BS_72,BS_72_6_AC.pickle,40,21.863799283154098,CR (enhanced)
951,BS_72,BS_72_6_AC.pickle,41,5.613333333333349,Inconclusive
952,BS_72,BS_72_6_AC.pickle,42,2.759999999999996,Inconclusive
953,BS_72,BS_72_6_AC.pickle,43,4.7092198581560245,CR (enhanced)
954,BS_72,BS_72_6_AC.pickle,45,2.1637426900584784,Inconclusive
955,BS_72,BS_72_6_AC.pickle,57,3.713768115942031,Inconclusive
956,BS_72,BS_72_6_AC.pickle,61,9.069373942470387,CR (enhanced)
957,BS_72,BS_72_6_AC.pickle,64,2.93453724604966,Inconclusive
958,BS_72,BS_72_6_AC.pickle,65,2.0788530465949817,NCR
959,BS_72,BS_72_7_AC.pickle,12,1.0836277974087158,NCR
960,BS_72,BS_72_7_AC.pickle,13,21.69398907103826,CR (enhanced)
961,BS_72,BS_72_7_AC.pickle,14,17.723132969034598,CR (enhanced)
962,BS_72,BS_72_7_AC.pickle,15,5.373406193078319,Inconclusive
963,BS_72,BS_72_7_AC.pickle,16,13.806921675774136,CR (enhanced)
964,BS_72,BS_72_7_AC.pickle,33,50.692167577413485,CR (enhanced)
965,BS_72,BS_72_7_AC.pickle,35,12.768670309653915,CR (enhanced)
966,BS_72,BS_72_7_AC.pickle,36,0.3921568627450982,NCR
967,BS_72,BS_72_8_AC.pickle,5,11.756978653530378,CR (enhanced)
968,BS_72,BS_72_8_AC.pickle,7,2.5974025974025965,Inconclusive
969,BS_72,BS_72_8_AC.pickle,10,31.724137931034477,CR (enhanced)
970,BS_72,BS_72_8_AC.pickle,17,5.648604269293927,Inconclusive
971,BS_72,BS_72_8_AC.pickle,18,4.663382594417079,CR (enhanced)
972,BS_72,BS_72_8_AC.pickle,19,4.926108374384244,CR (enhanced)
973,BS_72,BS_72_8_AC.pickle,23,8.243021346469627,Inconclusive
974,BS_72,BS_72_8_AC.pickle,36,4.342105263157894,Inconclusive
975,BS_72,BS_72_8_AC.pickle,37,0.4926108374384237,NCR
976,BS_72,BS_72_8_AC.pickle,44,8.467153284671529,CR (enhanced)
977,BS_72,BS_72_9_AC.pickle,2,0.9302325581395349,Inconclusive
978,BS_72,BS_72_9_AC.pickle,8,10.048309178743963,CR (enhanced)
979,BS_72,BS_72_9_AC.pickle,11,4.806763285024148,Inconclusive
980,BS_87,BS_87_10_AC.pickle,4,7.348484848484848,Inconclusive
981,BS_87,BS_87_11_AC.pickle,1,0.6403013182674195,NCR
982,BS_87,BS_87_11_AC.pickle,4,5.68738229755179,CR (enhanced)
983,BS_87,BS_87_11_AC.pickle,10,7.0588235294117645,CR (enhanced)
984,BS_87,BS_87_11_AC.pickle,12,4.595103578154426,CR (enhanced)
985,BS_87,BS_87_1_AC.pickle,5,4.281842818428184,CR (enhanced)
986,BS_87,BS_87_1_AC.pickle,7,3.197831978319783,CR (suppressed)
987,BS_87,BS_87_1_AC.pickle,8,10.243902439024392,CR (enhanced)
988,BS_87,BS_87_1_AC.pickle,12,29.97289972899729,CR (enhanced)
989,BS_87,BS_87_1_AC.pickle,14,13.550135501355012,CR (enhanced)
990,BS_87,BS_87_1_AC.pickle,15,20.813008130081297,CR (enhanced)
991,BS_87,BS_87_1_AC.pickle,30,1.8970189701897027,Inconclusive
992,BS_87,BS_87_1_AC.pickle,39,67.80487804878047,CR (enhanced)
993,BS_87,BS_87_2_AC.pickle,25,28.447837150127228,CR (enhanced)
994,BS_87,BS_87_4_AC.pickle,3,25.031446540880523,CR (enhanced)
995,BS_87,BS_87_4_AC.pickle,10,7.111111111111113,CR (enhanced)
996,BS_87,BS_87_4_AC.pickle,15,4.685534591194957,Inconclusive
997,BS_87,BS_87_4_AC.pickle,18,5.424528301886788,CR (enhanced)
998,BS_87,BS_87_4_AC.pickle,19,2.9874213836478005,CR (suppressed)
999,BS_87,BS_87_4_AC.pickle,26,33.738848337388504,CR (enhanced)
1000,BS_87,BS_87_4_AC.pickle,27,23.09748427672956,CR (enhanced)
1001,BS_87,BS_87_4_AC.pickle,33,3.0660377358490445,Inconclusive
1002,BS_87,BS_87_4_AC.pickle,34,22.123142250530776,CR (enhanced)
1003,BS_87,BS_87_4_AC.pickle,35,10.40880503144656,CR (enhanced)
1004,BS_87,BS_87_4_AC.pickle,38,23.238993710691823,CR (enhanced)
1005,BS_87,BS_87_4_AC.pickle,44,21.63934426229508,CR (enhanced)
1006,BS_87,BS_87_4_AC.pickle,45,5.786163522012576,CR (enhanced)
1007,BS_87,BS_87_4_AC.pickle,57,31.69811320754721,CR (enhanced)
1008,BS_87,BS_87_4_AC.pickle,62,1.9624819624819636,Inconclusive
1009,BS_87,BS_87_4_AC.pickle,63,8.396226415094338,CR (enhanced)
1010,BS_87,BS_87_4_AC.pickle,73,18.3018867924528,CR (enhanced)
1011,BS_87,BS_87_4_AC.pickle,74,7.738478027867095,CR (enhanced)
1012,BS_87,BS_87_4_AC.pickle,80,9.066666666666668,CR (enhanced)
1013,BS_87,BS_87_4_AC.pickle,82,15.297619047619047,CR (enhanced)
1014,BS_87,BS_87_4_AC.pickle,99,22.452830188679236,CR (enhanced)
1015,BS_87,BS_87_4_AC.pickle,115,28.467309753483388,CR (enhanced)
1016,BS_87,BS_87_4_AC.pickle,124,1.3153153153153143,NCR
1017,BS_87,BS_87_4_AC.pickle,125,15.425531914893616,CR (enhanced)
1018,BS_87,BS_87_4_AC.pickle,141,16.58805031446541,CR (enhanced)
1019,BS_87,BS_87_4_AC.pickle,142,6.100628930817611,CR (enhanced)
1020,BS_87,BS_87_4_AC.pickle,145,1.8821459982409852,Inconclusive
1021,BS_87,BS_87_4_AC.pickle,154,4.2222222222222205,Inconclusive
1022,BS_87,BS_87_4_AC.pickle,156,7.64150943396227,CR (enhanced)
1023,BS_87,BS_87_4_AC.pickle,162,11.132075471698109,CR (enhanced)
1024,BS_87,BS_87_4_AC.pickle,166,1.3993710691823895,NCR
1025,BS_87,BS_87_4_AC.pickle,172,7.169811320754737,CR (enhanced)
1026,BS_87,BS_87_4_AC.pickle,181,6.9605142332415015,CR (enhanced)
1027,BS_87,BS_87_4_AC.pickle,187,24.64285714285714,CR (enhanced)
1028,BS_87,BS_87_4_AC.pickle,211,7.844311377245513,CR (enhanced)
1029,BS_87,BS_87_4_AC.pickle,216,7.31132075471699,CR (enhanced)
1030,BS_87,BS_87_4_AC.pickle,219,6.338797814207649,CR (enhanced)
1031,BS_87,BS_87_4_AC.pickle,227,1.553166069295103,Inconclusive
1032,BS_87,BS_87_4_AC.pickle,260,4.293785310734464,Inconclusive
1033,BS_87,BS_87_4_AC.pickle,267,86.08490566037736,CR (enhanced)
1034,BS_87,BS_87_5_AC.pickle,7,11.471758154335719,CR (enhanced)
1035,BS_87,BS_87_5_AC.pickle,11,2.9912490055688106,CR (enhanced)
1036,BS_87,BS_87_5_AC.pickle,14,5.218774860779645,CR (enhanced)
1037,BS_87,BS_87_5_AC.pickle,16,1.368337311058074,Inconclusive
1038,BS_87,BS_87_5_AC.pickle,18,1.3046937151949085,NCR
1039,BS_87,BS_87_5_AC.pickle,24,3.8981702466189305,CR (enhanced)
1040,BS_87,BS_87_5_AC.pickle,25,1.1774065234685764,Inconclusive
1041,BS_87,BS_87_5_AC.pickle,26,1.0042735042735047,NCR
1042,BS_87,BS_87_5_AC.pickle,28,2.1638822593476537,Inconclusive
1043,BS_87,BS_87_5_AC.pickle,30,1.877486077963406,Inconclusive
1044,BS_87,BS_87_5_AC.pickle,33,1.4319809069212392,NCR
1045,BS_87,BS_87_5_AC.pickle,35,3.9140811455847233,CR (enhanced)
1046,BS_87,BS_87_5_AC.pickle,37,3.3731105807478103,Inconclusive
1047,BS_87,BS_87_5_AC.pickle,42,2.1320604614160734,Inconclusive
1048,BS_87,BS_87_5_AC.pickle,43,5.425616547334925,Inconclusive
1049,BS_87,BS_87_5_AC.pickle,47,10.857699805068227,CR (enhanced)
1050,BS_87,BS_87_5_AC.pickle,49,25.266666666666662,CR (enhanced)
1051,BS_87,BS_87_5_AC.pickle,52,10.05568814638028,CR (enhanced)
1052,BS_87,BS_87_5_AC.pickle,53,1.3043478260869565,Inconclusive
1053,BS_87,BS_87_5_AC.pickle,55,2.4025457438345272,Inconclusive
1054,BS_87,BS_87_5_AC.pickle,83,18.806682577565628,CR (enhanced)
1055,BS_87,BS_87_5_AC.pickle,84,11.249005568814635,CR (enhanced)
1056,BS_87,BS_87_5_AC.pickle,87,17.056483691328552,CR (enhanced)
1057,BS_87,BS_87_5_AC.pickle,93,15.672235481304691,CR (enhanced)
1058,BS_87,BS_87_5_AC.pickle,97,14.606205250596624,CR (enhanced)
1059,BS_87,BS_87_5_AC.pickle,99,31.680290644868304,CR (enhanced)
1060,BS_87,BS_87_5_AC.pickle,101,7.128082736674625,CR (enhanced)
1061,BS_87,BS_87_5_AC.pickle,126,0.5091487669053303,NCR
1062,BS_87,BS_87_5_AC.pickle,132,1.3333333333333333,NCR
1063,BS_87,BS_87_6_AC.pickle,3,0.32599837000814985,NCR
1064,BS_87,BS_87_6_AC.pickle,7,1.6625916870415651,Inconclusive
1065,BS_87,BS_87_6_AC.pickle,11,0.48899755501222464,NCR
1066,BS_87,BS_87_6_AC.pickle,14,0.37489812550937257,NCR
1067,BS_87,BS_87_6_AC.pickle,16,0.6519967400163001,Inconclusive
1068,BS_87,BS_87_6_AC.pickle,39,3.372319688109162,CR (enhanced)
1069,BS_87,BS_87_6_AC.pickle,40,3.993480032599837,Inconclusive
1070,BS_87,BS_87_6_AC.pickle,44,4.934383202099737,CR (enhanced)
1071,BS_87,BS_87_6_AC.pickle,51,0.30969845150774233,NCR
1072,BS_87,BS_87_6_AC.pickle,61,0.7171964140179304,NCR
1073,BS_87,BS_87_6_AC.pickle,62,0.5378973105134481,NCR
1074,BS_87,BS_87_6_AC.pickle,70,7.546862265688672,CR (enhanced)
1075,BS_87,BS_87_6_AC.pickle,84,0.5867970660146703,NCR
1076,BS_87,BS_87_6_AC.pickle,87,1.238793806030971,Inconclusive
1077,BS_87,BS_87_6_AC.pickle,88,0.9942950285248572,NCR
1078,BS_87,BS_87_6_AC.pickle,98,3.6847103513770167,Inconclusive
1079,BS_87,BS_87_7_AC.pickle,6,13.504273504273502,CR (enhanced)
1080,BS_87,BS_87_7_AC.pickle,9,1.9783197831978288,NCR
1081,BS_87,BS_87_7_AC.pickle,11,1.2444444444444451,NCR
1082,BS_87,BS_87_8_AC.pickle,1,2.9571984435797676,Inconclusive
1083,BS_87,BS_87_8_AC.pickle,2,0.6560846560846563,NCR
1084,BS_87,BS_87_8_AC.pickle,3,9.047619047619044,CR (enhanced)
1085,BS_87,BS_87_8_AC.pickle,10,1.3594040968342638,NCR
1086,BS_87,BS_87_8_AC.pickle,11,0.9124767225325885,NCR
1087,BS_87,BS_87_8_AC.pickle,45,9.925512104283085,CR (enhanced)
1088,BS_87,BS_87_8_AC.pickle,66,0.6553672316384178,Inconclusive
1089,BS_87,BS_87_8_AC.pickle,68,12.450980392156863,CR (enhanced)
1090,BS_87,BS_87_8_AC.pickle,71,12.625698324022354,CR (enhanced)
1091,BS_87,BS_87_9_AC.pickle,0,1.1602209944751387,Inconclusive
1092,BS_87,BS_87_9_AC.pickle,2,0.5761316872427984,NCR
1093,BS_87,BS_87_9_AC.pickle,3,1.171875000000001,NCR
1094,BS_87,BS_87_9_AC.pickle,4,0.7956104252400539,Inconclusive
1095,BS_87,BS_87_9_AC.pickle,6,1.1709601873536302,Inconclusive
1096,BS_87,BS_87_9_AC.pickle,13,2.386831275720167,Inconclusive
1097,BS_87,BS_87_9_AC.pickle,14,1.0090090090090085,Inconclusive
1098,BS_87,BS_87_9_AC.pickle,16,0.75445816186557,NCR
1099,BS_87,BS_87_9_AC.pickle,25,0.35665294924554153,NCR
1100,BS_87,BS_87_9_AC.pickle,27,1.5749235474006134,Inconclusive
1101,BS_87,BS_87_9_AC.pickle,30,0.9602194787379965,NCR
1102,BS_87,BS_87_9_AC.pickle,31,1.358024691358024,Inconclusive
1103,BS_87,BS_87_9_AC.pickle,38,0.8230452674897127,NCR
1104,BS_87,BS_87_9_AC.pickle,46,0.5756731662024147,NCR
1105,BS_87,BS_87_9_AC.pickle,48,0.5844748858447487,NCR
1106,BS_87,BS_87_9_AC.pickle,50,0.6896551724137931,Inconclusive
1107,BS_87,BS_87_9_AC.pickle,51,0.8714596949891068,NCR
1108,BS_87,BS_87_9_AC.pickle,60,1.430745814307458,NCR
1109,BS_87,BS_87_9_AC.pickle,74,13.212121212121213,CR (enhanced)
1110,BS_87,BS_87_9_AC.pickle,77,0.7560137457044674,Inconclusive
1111,BS_87,BS_87_9_AC.pickle,86,2.3038156947444226,Inconclusive
1112,BS_87,BS_87_9_AC.pickle,87,0.5787037037037044,NCR
1113,BS_87,BS_87_9_AC.pickle,105,4.43425076452599,CR (enhanced)
1114,BS_87,BS_87_9_AC.pickle,109,0.2810304449648713,NCR
1115,BS_87,BS_87_9_AC.pickle,120,0.4316546762589926,NCR
1116,BS_87,BS_87_9_AC.pickle,128,0.9523809523809526,NCR
1117,BS_87,BS_87_9_AC.pickle,131,1.221964423820572,NCR
1118,BS_87,BS_87_9_AC.pickle,135,1.0678210678210664,NCR
