,animal,session,cluster ID,learning phase,FR modulation
0,AE_238,AE_238_10_AC.pickle,7,second early,4.05466970387243
1,AE_238,AE_238_10_AC.pickle,17,second early,1.67046317388003
2,AE_238,AE_238_10_AC.pickle,18,second early,2.460136674259679
3,AE_238,AE_238_10_AC.pickle,26,second early,2.703113135914959
4,AE_238,AE_238_10_AC.pickle,35,second early,4.510250569476077
5,AE_238,AE_238_10_AC.pickle,38,second early,5.31645569620253
6,AE_238,AE_238_10_AC.pickle,48,second early,2.17160212604404
7,AE_238,AE_238_10_AC.pickle,49,second early,1.4912280701754395
8,AE_238,AE_238_10_AC.pickle,52,second early,0.5618830675778282
9,AE_238,AE_238_10_AC.pickle,55,second early,4.9657064471879275
10,AE_238,AE_238_10_AC.pickle,58,second early,2.429764616552773
11,AE_238,AE_238_10_AC.pickle,64,second early,0.6040992448759438
12,AE_238,AE_238_10_AC.pickle,66,second early,1.5181518151815183
13,AE_238,AE_238_10_AC.pickle,69,second early,2.886002886002886
14,AE_238,AE_238_10_AC.pickle,70,second early,70.34293552812072
15,AE_238,AE_238_10_AC.pickle,82,second early,1.199696279422931
16,AE_238,AE_238_10_AC.pickle,90,second early,1.1644832605531295
17,AE_238,AE_238_10_AC.pickle,99,second early,2.992299229922993
18,AE_238,AE_238_10_AC.pickle,108,second early,10.399999999999999
19,AE_238,AE_238_10_AC.pickle,115,second early,10.463173880030368
20,AE_238,AE_238_10_AC.pickle,117,second early,0.885780885780886
21,AE_238,AE_238_10_AC.pickle,120,second early,14.611288604898828
22,AE_238,AE_238_10_AC.pickle,123,second early,2.217160212604402
23,AE_238,AE_238_11_AC.pickle,5,second early,31.98924731182799
24,AE_238,AE_238_11_AC.pickle,15,second early,4.289855072463769
25,AE_238,AE_238_11_AC.pickle,21,second early,11.098484848484851
26,AE_238,AE_238_11_AC.pickle,41,second early,3.933333333333339
27,AE_238,AE_238_11_AC.pickle,48,second early,2.1198156682027647
28,AE_238,AE_238_11_AC.pickle,51,second early,0.7017543859649124
29,AE_238,AE_238_11_AC.pickle,55,second early,1.277258566978193
30,AE_238,AE_238_11_AC.pickle,68,second early,9.569160997732423
31,AE_238,AE_238_11_AC.pickle,76,second early,6.379928315412194
32,AE_238,AE_238_11_AC.pickle,84,second early,2.355889724310777
33,AE_238,AE_238_11_AC.pickle,86,second early,0.9090909090909091
34,AE_238,AE_238_11_AC.pickle,96,second early,6.94736842105263
35,AE_238,AE_238_11_AC.pickle,108,second early,2.537878787878787
36,AE_238,AE_238_11_AC.pickle,112,second early,7.795698924731187
37,AE_238,AE_238_11_AC.pickle,131,second early,4.990253411306045
38,AE_238,AE_238_11_AC.pickle,140,second early,1.756272401433692
39,AE_238,AE_238_11_AC.pickle,149,second early,0.5185185185185184
40,AE_238,AE_238_11_AC.pickle,150,second early,7.186379928315413
41,AE_238,AE_238_11_AC.pickle,151,second early,0.9792843691148779
42,AE_238,AE_238_11_AC.pickle,153,second early,5.0082918739635165
43,AE_238,AE_238_11_AC.pickle,166,second early,4.6594982078853
44,AE_238,AE_238_11_AC.pickle,171,second early,2.2885572139303485
45,AE_238,AE_238_11_AC.pickle,174,second early,16.272401433691748
46,AE_238,AE_238_11_AC.pickle,181,second early,1.5064102564102566
47,AE_238,AE_238_11_AC.pickle,184,second early,6.129032258064513
48,AE_238,AE_238_11_AC.pickle,187,second early,1.836734693877551
49,AE_238,AE_238_11_AC.pickle,190,second early,1.577060931899642
50,AE_238,AE_238_11_AC.pickle,196,second early,7.944111776447105
51,AE_238,AE_238_11_AC.pickle,202,second early,6.238532110091744
52,AE_238,AE_238_11_AC.pickle,208,second early,6.079295154185021
53,AE_238,AE_238_11_AC.pickle,218,second early,0.5079365079365079
54,AE_238,AE_238_11_AC.pickle,225,second early,0.9158679446219401
55,AE_238,AE_238_11_AC.pickle,226,second early,3.512544802867386
56,AE_238,AE_238_11_AC.pickle,227,second early,17.118155619596536
57,AE_238,AE_238_11_AC.pickle,241,second early,13.172043010752676
58,AE_238,AE_238_11_AC.pickle,245,second early,3.4050179211469493
59,AE_238,AE_238_12_AC.pickle,5,second early,2.202380952380951
60,AE_238,AE_238_12_AC.pickle,28,second early,0.572597137014315
61,AE_238,AE_238_12_AC.pickle,36,second early,0.6111111111111112
62,AE_238,AE_238_12_AC.pickle,44,second early,0.8176100628930818
63,AE_238,AE_238_12_AC.pickle,60,second early,0.41184041184041237
64,AE_238,AE_238_12_AC.pickle,61,second early,3.924626380766723
65,AE_238,AE_238_12_AC.pickle,62,second early,0.8529741863075193
66,AE_238,AE_238_12_AC.pickle,66,second early,0.851063829787234
67,AE_238,AE_238_12_AC.pickle,70,second early,6.500000000000005
68,AE_238,AE_238_12_AC.pickle,71,second early,2.986767485822305
69,AE_238,AE_238_12_AC.pickle,72,second early,1.0238095238095242
70,AE_238,AE_238_12_AC.pickle,81,second early,4.9404761904761925
71,AE_238,AE_238_12_AC.pickle,82,second early,5.461689587426326
72,AE_238,AE_238_12_AC.pickle,95,second early,2.714164546225614
73,AE_238,AE_238_12_AC.pickle,99,second early,0.5128205128205128
74,AE_238,AE_238_12_AC.pickle,100,second early,0.6547619047619052
75,AE_238,AE_238_12_AC.pickle,102,second early,1.5077605321507745
76,AE_238,AE_238_12_AC.pickle,126,second early,1.2168284789644013
77,AE_238,AE_238_12_AC.pickle,135,second early,1.862940785096471
78,AE_238,AE_238_12_AC.pickle,143,second early,5.625879043600564
79,AE_238,AE_238_12_AC.pickle,158,second early,0.7179487179487183
80,AE_238,AE_238_12_AC.pickle,162,second early,5.273809523809528
81,AE_238,AE_238_12_AC.pickle,169,second early,1.0075026795284032
82,AE_238,AE_238_12_AC.pickle,177,second early,3.2261904761904785
83,AE_238,AE_238_12_AC.pickle,179,second early,0.6785714285714275
84,AE_238,AE_238_12_AC.pickle,182,second early,1.0980392156862737
85,AE_238,AE_238_12_AC.pickle,183,second early,3.9057239057239057
86,AE_238,AE_238_12_AC.pickle,191,second early,6.7500000000000036
87,AE_238,AE_238_12_AC.pickle,194,second early,1.5415821501014182
88,AE_238,AE_238_12_AC.pickle,205,second early,6.285714285714294
89,AE_238,AE_238_12_AC.pickle,208,second early,7.309523809523819
90,AE_238,AE_238_12_AC.pickle,214,second early,0.9482758620689653
91,AE_238,AE_238_12_AC.pickle,217,second early,1.3729372937293738
92,AE_238,AE_238_12_AC.pickle,225,second early,2.637037037037037
93,AE_238,AE_238_12_AC.pickle,227,second early,1.2865497076023393
94,AE_238,AE_238_12_AC.pickle,239,second early,1.2814645308924482
95,AE_238,AE_238_12_AC.pickle,245,second early,1.5463917525773196
96,AE_238,AE_238_12_AC.pickle,251,second early,0.9285714285714277
97,AE_238,AE_238_12_AC.pickle,262,second early,0.584192439862543
98,AE_238,AE_238_12_AC.pickle,268,second early,1.1428571428571428
99,AE_238,AE_238_12_AC.pickle,269,second early,1.9682539682539686
100,AE_238,AE_238_12_AC.pickle,271,second early,1.9404761904761878
101,AE_238,AE_238_12_AC.pickle,276,second early,0.8791208791208801
102,AE_238,AE_238_12_AC.pickle,280,second early,1.1403508771929822
103,AE_238,AE_238_12_AC.pickle,284,second early,0.3598971722365039
104,AE_238,AE_238_12_AC.pickle,294,second early,0.5000000000000001
105,AE_238,AE_238_12_AC.pickle,295,second early,0.6711409395973156
106,AE_238,AE_238_12_AC.pickle,309,second early,0.9865470852017948
107,AE_238,AE_238_12_AC.pickle,310,second early,0.5083514887436456
108,AE_238,AE_238_12_AC.pickle,328,second early,6.180555555555554
109,AE_238,AE_238_12_AC.pickle,333,second early,1.4965986394557802
110,AE_238,AE_238_12_AC.pickle,334,second early,3.392857142857139
111,AE_238,AE_238_12_AC.pickle,335,second early,1.9337390128465202
112,AE_238,AE_238_12_AC.pickle,342,second early,2.243902439024393
113,AE_238,AE_238_13_AC.pickle,1,second early,2.1732745961820865
114,AE_238,AE_238_13_AC.pickle,4,second early,0.2949852507374631
115,AE_238,AE_238_13_AC.pickle,9,second early,1.6715830875122886
116,AE_238,AE_238_13_AC.pickle,22,second early,2.2615535889872196
117,AE_238,AE_238_13_AC.pickle,23,second early,18.151425762045232
118,AE_238,AE_238_13_AC.pickle,24,second early,5.75107296137339
119,AE_238,AE_238_13_AC.pickle,31,second early,3.5791543756145523
120,AE_238,AE_238_13_AC.pickle,32,second early,16.361848574237953
121,AE_238,AE_238_13_AC.pickle,51,second early,0.5506391347099313
122,AE_238,AE_238_13_AC.pickle,53,second early,2.105263157894736
123,AE_238,AE_238_13_AC.pickle,75,second early,1.1799410029498536
124,AE_238,AE_238_13_AC.pickle,86,second early,4.169124877089475
125,AE_238,AE_238_13_AC.pickle,88,second early,1.1369509043927648
126,AE_238,AE_238_13_AC.pickle,89,second early,0.6397306397306396
127,AE_238,AE_238_13_AC.pickle,90,second early,15.083579154375622
128,AE_238,AE_238_13_AC.pickle,94,second early,2.910521140609638
129,AE_238,AE_238_13_AC.pickle,98,second early,2.2418879056047203
130,AE_238,AE_238_13_AC.pickle,108,second early,0.8062930186823993
131,AE_238,AE_238_13_AC.pickle,116,second early,7.807276302851537
132,AE_238,AE_238_14_AC.pickle,43,second early,1.098039215686274
133,AE_238,AE_238_14_AC.pickle,65,second early,2.08627450980392
134,AE_238,AE_238_14_AC.pickle,73,second early,0.6790123456790125
135,AE_238,AE_238_14_AC.pickle,76,second early,1.2705882352941202
136,AE_238,AE_238_14_AC.pickle,79,second early,1.0509803921568626
137,AE_238,AE_238_14_AC.pickle,92,second early,4.690196078431368
138,AE_238,AE_238_14_AC.pickle,93,second early,2.5882352941176476
139,AE_238,AE_238_14_AC.pickle,100,second early,5.960784313725489
140,AE_238,AE_238_14_AC.pickle,105,second early,0.5333333333333333
141,AE_238,AE_238_14_AC.pickle,115,second early,4.533333333333332
142,AE_238,AE_238_14_AC.pickle,201,second early,1.519607843137255
143,AE_238,AE_238_14_AC.pickle,245,second early,0.9098039215686266
144,AE_238,AE_238_14_AC.pickle,273,second early,0.8784313725490193
145,AE_238,AE_238_14_AC.pickle,275,second early,0.6431372549019606
146,AE_238,AE_238_14_AC.pickle,276,second early,0.6117647058823528
147,AE_238,AE_238_15_AC.pickle,4,second early,0.35366931918656114
148,AE_238,AE_238_15_AC.pickle,8,second early,0.31825795644891125
149,AE_238,AE_238_15_AC.pickle,10,second early,0.6365159128978227
150,AE_238,AE_238_15_AC.pickle,36,second early,0.6867671691792295
151,AE_238,AE_238_15_AC.pickle,61,second early,3.6850921273031827
152,AE_238,AE_238_15_AC.pickle,79,second early,2.6298157453936337
153,AE_238,AE_238_15_AC.pickle,81,second early,3.4170854271356803
154,AE_238,AE_238_15_AC.pickle,94,second early,0.4238921001926782
155,AE_238,AE_238_15_AC.pickle,108,second early,1.2562814070351767
156,AE_238,AE_238_15_AC.pickle,115,second early,1.1929824561403506
157,AE_238,AE_238_15_AC.pickle,116,second early,0.4857621440536016
158,AE_238,AE_238_15_AC.pickle,142,second early,1.440536013400336
159,AE_238,AE_238_15_AC.pickle,151,second early,1.2897822445561147
160,AE_238,AE_238_16_AC.pickle,9,second late,0.8226950354609918
161,AE_238,AE_238_16_AC.pickle,45,second late,4.014184397163119
162,AE_238,AE_238_16_AC.pickle,50,second late,0.738255033557047
163,AE_238,AE_238_16_AC.pickle,64,second late,3.673758865248222
164,AE_238,AE_238_16_AC.pickle,70,second late,0.8490566037735837
165,AE_238,AE_238_16_AC.pickle,93,second late,1.2624113475177308
166,AE_238,AE_238_16_AC.pickle,98,second late,0.6382978723404256
167,AE_238,AE_238_16_AC.pickle,122,second late,1.3026819923371649
168,AE_238,AE_238_16_AC.pickle,133,second late,4.156028368794321
169,AE_238,AE_238_16_AC.pickle,163,second late,2.9078014184397123
170,AE_238,AE_238_16_AC.pickle,173,second late,0.42553191489361714
171,AE_238,AE_238_16_AC.pickle,187,second late,1.5602836879432642
172,AE_238,AE_238_16_AC.pickle,212,second late,0.7092198581560275
173,AE_238,AE_238_16_AC.pickle,234,second late,0.9556313993174061
174,AE_238,AE_238_16_AC.pickle,252,second late,0.9219858156028373
175,AE_238,AE_238_16_AC.pickle,253,second late,0.9222661396574442
176,AE_238,AE_238_16_AC.pickle,254,second late,1.50354609929078
177,AE_238,AE_238_16_AC.pickle,255,second late,2.184397163120567
178,AE_238,AE_238_17_AC.pickle,4,second late,1.1221122112211226
179,AE_238,AE_238_17_AC.pickle,17,second late,9.90517870167761
180,AE_238,AE_238_17_AC.pickle,21,second late,3.789338471419396
181,AE_238,AE_238_17_AC.pickle,22,second late,2.0254629629629632
182,AE_238,AE_238_17_AC.pickle,24,second late,9.79439252336448
183,AE_238,AE_238_17_AC.pickle,26,second late,1.1358024691358024
184,AE_238,AE_238_17_AC.pickle,38,second late,8.738425925925927
185,AE_238,AE_238_17_AC.pickle,39,second late,2.7662037037037006
186,AE_238,AE_238_17_AC.pickle,45,second late,1.8740399385560669
187,AE_238,AE_238_17_AC.pickle,49,second late,1.7708333333333306
188,AE_238,AE_238_18_AC.pickle,3,second expert,5.4545454545454595
189,AE_238,AE_238_18_AC.pickle,8,second expert,1.0722610722610721
190,AE_238,AE_238_18_AC.pickle,23,second expert,6.480186480186481
191,AE_238,AE_238_18_AC.pickle,50,second expert,4.801864801864804
192,AE_238,AE_238_18_AC.pickle,59,second expert,1.1655011655011656
193,AE_238,AE_238_18_AC.pickle,63,second expert,2.2843822843822843
194,AE_238,AE_238_18_AC.pickle,74,second expert,
195,AE_238,AE_238_18_AC.pickle,77,second expert,0.7925407925407928
196,AE_238,AE_238_18_AC.pickle,89,second expert,10.069930069930072
197,AE_238,AE_238_19_AC.pickle,4,second expert,3.076923076923077
198,AE_238,AE_238_19_AC.pickle,5,second expert,1.123595505617978
199,AE_238,AE_238_19_AC.pickle,14,second expert,1.453488372093025
200,AE_238,AE_238_19_AC.pickle,19,second expert,0.5764411027568922
201,AE_238,AE_238_19_AC.pickle,35,second expert,0.9090909090909091
202,AE_238,AE_238_19_AC.pickle,39,second expert,0.9338521400778214
203,AE_238,AE_238_19_AC.pickle,42,second expert,2.0183486238532122
204,AE_238,AE_238_19_AC.pickle,47,second expert,0.9689922480620154
205,AE_238,AE_238_19_AC.pickle,58,second expert,3.0232558139534924
206,AE_238,AE_238_19_AC.pickle,59,second expert,3.3720930232558164
207,AE_238,AE_238_19_AC.pickle,68,second expert,5.666666666666669
208,AE_238,AE_238_19_AC.pickle,85,second expert,0.7170542635658904
209,AE_238,AE_238_19_AC.pickle,86,second expert,3.0821917808219235
210,AE_238,AE_238_19_AC.pickle,96,second expert,4.864341085271317
211,AE_238,AE_238_19_AC.pickle,125,second expert,0.7945736434108528
212,AE_238,AE_238_19_AC.pickle,128,second expert,0.7662835249042157
213,AE_238,AE_238_19_AC.pickle,136,second expert,2.053231939163498
214,AE_238,AE_238_19_AC.pickle,148,second expert,2.743055555555556
215,AE_238,AE_238_19_AC.pickle,157,second expert,0.8124253285543601
216,AE_238,AE_238_19_AC.pickle,161,second expert,0.8914728682170543
217,AE_238,AE_238_1_AC.pickle,4,N/A,0.8984725965858043
218,AE_238,AE_238_1_AC.pickle,9,N/A,2.1176470588235303
219,AE_238,AE_238_1_AC.pickle,26,N/A,8.31372549019609
220,AE_238,AE_238_1_AC.pickle,27,N/A,3.6705882352941193
221,AE_238,AE_238_1_AC.pickle,36,N/A,0.4549019607843138
222,AE_238,AE_238_1_AC.pickle,46,N/A,24.90980392156865
223,AE_238,AE_238_1_AC.pickle,54,N/A,12.407843137254908
224,AE_238,AE_238_1_AC.pickle,59,N/A,13.552941176470581
225,AE_238,AE_238_1_AC.pickle,61,N/A,0.6535947712418302
226,AE_238,AE_238_1_AC.pickle,66,N/A,2.3372549019607836
227,AE_238,AE_238_1_AC.pickle,86,N/A,5.568627450980392
228,AE_238,AE_238_1_AC.pickle,89,N/A,1.564102564102565
229,AE_238,AE_238_1_AC.pickle,92,N/A,1.2235294117647066
230,AE_238,AE_238_1_AC.pickle,95,N/A,0.7215007215007213
231,AE_238,AE_238_1_AC.pickle,106,N/A,5.5215686274509865
232,AE_238,AE_238_1_AC.pickle,113,N/A,4.4705882352941195
233,AE_238,AE_238_1_AC.pickle,115,N/A,3.2
234,AE_238,AE_238_1_AC.pickle,116,N/A,2.9960784313725504
235,AE_238,AE_238_1_AC.pickle,117,N/A,35.90588235294121
236,AE_238,AE_238_1_AC.pickle,138,N/A,4.909803921568627
237,AE_238,AE_238_1_AC.pickle,142,N/A,8.250980392156874
238,AE_238,AE_238_1_AC.pickle,159,N/A,1.188118811881188
239,AE_238,AE_238_1_AC.pickle,160,N/A,1.2392156862745094
240,AE_238,AE_238_1_AC.pickle,189,N/A,2.164705882352938
241,AE_238,AE_238_1_AC.pickle,194,N/A,2.7607843137254924
242,AE_238,AE_238_1_AC.pickle,203,N/A,37.835294117647074
243,AE_238,AE_238_1_AC.pickle,212,N/A,0.5333333333333337
244,AE_238,AE_238_1_AC.pickle,218,N/A,1.4745098039215694
245,AE_238,AE_238_1_AC.pickle,228,N/A,2.987654320987654
246,AE_238,AE_238_1_AC.pickle,234,N/A,1.0196078431372537
247,AE_238,AE_238_1_AC.pickle,236,N/A,13.11372549019607
248,AE_238,AE_238_1_AC.pickle,240,N/A,1.5529411764705894
249,AE_238,AE_238_1_AC.pickle,247,N/A,7.74901960784314
250,AE_238,AE_238_1_AC.pickle,249,N/A,5.485232067510546
251,AE_238,AE_238_1_AC.pickle,250,N/A,10.576576576576578
252,AE_238,AE_238_1_AC.pickle,255,N/A,9.772549019607844
253,AE_238,AE_238_1_AC.pickle,261,N/A,4.486274509803916
254,AE_238,AE_238_1_AC.pickle,262,N/A,5.898039215686278
255,AE_238,AE_238_1_AC.pickle,263,N/A,0.8000000000000005
256,AE_238,AE_238_1_AC.pickle,265,N/A,1.2705882352941162
257,AE_238,AE_238_20_AC.pickle,1,second expert,4.098765432098768
258,AE_238,AE_238_20_AC.pickle,49,second expert,2.0740740740740757
259,AE_238,AE_238_20_AC.pickle,50,second expert,0.4444444444444445
260,AE_238,AE_238_20_AC.pickle,59,second expert,2.3703703703703707
261,AE_238,AE_238_20_AC.pickle,76,second expert,1.530864197530863
262,AE_238,AE_238_20_AC.pickle,78,second expert,1.4743589743589747
263,AE_238,AE_238_20_AC.pickle,87,second expert,3.209876543209877
264,AE_238,AE_238_20_AC.pickle,90,second expert,2.2222222222222223
265,AE_238,AE_238_20_AC.pickle,101,second expert,3.259259259259259
266,AE_238,AE_238_20_AC.pickle,109,second expert,8.740740740740739
267,AE_238,AE_238_20_AC.pickle,112,second expert,0.790123456790124
268,AE_238,AE_238_20_AC.pickle,113,second expert,0.5925925925925926
269,AE_238,AE_238_20_AC.pickle,158,second expert,0.7407407407407409
270,AE_238,AE_238_20_AC.pickle,159,second expert,2.716049382716047
271,AE_238,AE_238_20_AC.pickle,161,second expert,1.1851851851851851
272,AE_238,AE_238_20_AC.pickle,178,second expert,4.54320987654321
273,AE_238,AE_238_20_AC.pickle,182,second expert,1.679012345679012
274,AE_238,AE_238_20_AC.pickle,189,second expert,
275,AE_238,AE_238_20_AC.pickle,193,second expert,4.790123456790123
276,AE_238,AE_238_20_AC.pickle,201,second expert,1.3333333333333335
277,AE_238,AE_238_20_AC.pickle,237,second expert,1.432098765432099
278,AE_238,AE_238_20_AC.pickle,238,second expert,
279,AE_238,AE_238_20_AC.pickle,247,second expert,1.0864197530864204
280,AE_238,AE_238_20_AC.pickle,259,second expert,1.8271604938271617
281,AE_238,AE_238_20_AC.pickle,260,second expert,11.407407407407407
282,AE_238,AE_238_20_AC.pickle,265,second expert,1.1358024691358033
283,AE_238,AE_238_20_AC.pickle,284,second expert,3.45679012345679
284,AE_238,AE_238_20_AC.pickle,297,second expert,0.790123456790124
285,AE_238,AE_238_20_AC.pickle,298,second expert,0.691358024691358
286,AE_238,AE_238_20_AC.pickle,312,second expert,5.975308641975309
287,AE_238,AE_238_20_AC.pickle,322,second expert,1.333333333333334
288,AE_238,AE_238_20_AC.pickle,341,second expert,2.518518518518519
289,AE_238,AE_238_20_AC.pickle,345,second expert,4.790123456790124
290,AE_238,AE_238_20_AC.pickle,349,second expert,2.913580246913578
291,AE_238,AE_238_20_AC.pickle,350,second expert,1.2345679012345678
292,AE_238,AE_238_21_AC.pickle,0,second expert,0.729684908789386
293,AE_238,AE_238_21_AC.pickle,32,second expert,5.24242424242424
294,AE_238,AE_238_21_AC.pickle,43,second expert,1.578327444051826
295,AE_238,AE_238_21_AC.pickle,54,second expert,2.59128386336867
296,AE_238,AE_238_21_AC.pickle,77,second expert,2.6855123674911683
297,AE_238,AE_238_21_AC.pickle,80,second expert,0.9708737864077676
298,AE_238,AE_238_21_AC.pickle,82,second expert,2.2355289421157685
299,AE_238,AE_238_21_AC.pickle,83,second expert,2.5206124852767995
300,AE_238,AE_238_22_AC.pickle,19,second expert,2.3015873015873027
301,AE_238,AE_238_22_AC.pickle,66,second expert,1.702127659574468
302,AE_238,AE_238_22_AC.pickle,69,second expert,1.5972222222222223
303,AE_238,AE_238_22_AC.pickle,77,second expert,0.6249999999999999
304,AE_238,AE_238_23_AC.pickle,21,second expert,1.7002237136465341
305,AE_238,AE_238_23_AC.pickle,23,second expert,3.758389261744968
306,AE_238,AE_238_23_AC.pickle,35,second expert,2.19047619047619
307,AE_238,AE_238_23_AC.pickle,37,second expert,1.655480984340044
308,AE_238,AE_238_23_AC.pickle,43,second expert,1.2527964205816549
309,AE_238,AE_238_23_AC.pickle,44,second expert,0.3603603603603604
310,AE_238,AE_238_23_AC.pickle,45,second expert,0.9843400447427294
311,AE_238,AE_238_23_AC.pickle,56,second expert,4.832214765100668
312,AE_238,AE_238_23_AC.pickle,62,second expert,1.1185682326621929
313,AE_238,AE_238_23_AC.pickle,88,second expert,0.7158836689038031
314,AE_238,AE_238_23_AC.pickle,93,second expert,0.7606263982102907
315,AE_238,AE_238_23_AC.pickle,101,second expert,1.1396011396011405
316,AE_238,AE_238_23_AC.pickle,103,second expert,1.3870246085011178
317,AE_238,AE_238_23_AC.pickle,104,second expert,0.35714285714285715
318,AE_238,AE_238_23_AC.pickle,112,second expert,0.715883668903803
319,AE_238,AE_238_24_AC.pickle,0,second expert,4.573643410852712
320,AE_238,AE_238_24_AC.pickle,3,second expert,2.6356589147286824
321,AE_238,AE_238_24_AC.pickle,20,second expert,3.628691983122364
322,AE_238,AE_238_24_AC.pickle,25,second expert,5.038759689922481
323,AE_238,AE_238_24_AC.pickle,35,second expert,3.8759689922480614
324,AE_238,AE_238_24_AC.pickle,38,second expert,1.3178294573643408
325,AE_238,AE_238_24_AC.pickle,44,second expert,4.8062015503875966
326,AE_238,AE_238_24_AC.pickle,45,second expert,1.0852713178294575
327,AE_238,AE_238_24_AC.pickle,61,second expert,0.9302325581395345
328,AE_238,AE_238_24_AC.pickle,66,second expert,8.837209302325585
329,AE_238,AE_238_24_AC.pickle,71,second expert,0.6201550387596899
330,AE_238,AE_238_24_AC.pickle,75,second expert,
331,AE_238,AE_238_24_AC.pickle,78,second expert,0.38759689922480633
332,AE_238,AE_238_24_AC.pickle,81,second expert,20.0
333,AE_238,AE_238_24_AC.pickle,88,second expert,10.310077519379849
334,AE_238,AE_238_26_AC.pickle,33,second expert,
335,AE_238,AE_238_26_AC.pickle,53,second expert,7.401129943502825
336,AE_238,AE_238_26_AC.pickle,61,second expert,2.2598870056497176
337,AE_238,AE_238_26_AC.pickle,118,second expert,1.073446327683616
338,AE_238,AE_238_26_AC.pickle,130,second expert,0.6214689265536723
339,AE_238,AE_238_26_AC.pickle,131,second expert,
340,AE_238,AE_238_26_AC.pickle,135,second expert,1.6384180790960452
341,AE_238,AE_238_26_AC.pickle,152,second expert,5.141242937853107
342,AE_238,AE_238_26_AC.pickle,160,second expert,4.0
343,AE_238,AE_238_27_AC.pickle,12,second expert,0.4728132387706855
344,AE_238,AE_238_27_AC.pickle,76,second expert,1.3095238095238095
345,AE_238,AE_238_27_AC.pickle,77,second expert,4.938271604938271
346,AE_238,AE_238_27_AC.pickle,85,second expert,1.25
347,AE_238,AE_238_27_AC.pickle,91,second expert,2.3361823361823344
348,AE_238,AE_238_27_AC.pickle,96,second expert,8.61111111111111
349,AE_238,AE_238_27_AC.pickle,115,second expert,1.9858156028368794
350,AE_238,AE_238_27_AC.pickle,122,second expert,1.9385342789598103
351,AE_238,AE_238_27_AC.pickle,124,second expert,1.1820330969267139
352,AE_238,AE_238_27_AC.pickle,127,second expert,5.579196217494093
353,AE_238,AE_238_27_AC.pickle,131,second expert,10.26004728132388
354,AE_238,AE_238_27_AC.pickle,149,second expert,2.0330969267139474
355,AE_238,AE_238_27_AC.pickle,158,second expert,1.3095238095238098
356,AE_238,AE_238_27_AC.pickle,165,second expert,4.349881796690307
357,AE_238,AE_238_27_AC.pickle,174,second expert,3.2000000000000006
358,AE_238,AE_238_27_AC.pickle,176,second expert,2.1276595744680864
359,AE_238,AE_238_27_AC.pickle,179,second expert,1.1515151515151514
360,AE_238,AE_238_27_AC.pickle,180,second expert,15.172413793103448
361,AE_238,AE_238_27_AC.pickle,182,second expert,16.14035087719298
362,AE_238,AE_238_27_AC.pickle,194,second expert,2.4691358024691357
363,AE_238,AE_238_27_AC.pickle,195,second expert,2.9239766081871337
364,AE_238,AE_238_27_AC.pickle,196,second expert,1.418439716312057
365,AE_238,AE_238_27_AC.pickle,197,second expert,2.2222222222222214
366,AE_238,AE_238_27_AC.pickle,201,second expert,1.3333333333333333
367,AE_238,AE_238_27_AC.pickle,204,second expert,0.0
368,AE_238,AE_238_27_AC.pickle,205,second expert,8.3974358974359
369,AE_238,AE_238_27_AC.pickle,206,second expert,3.0303030303030303
370,AE_238,AE_238_27_AC.pickle,207,second expert,1.866666666666667
371,AE_238,AE_238_27_AC.pickle,214,second expert,3.177570093457945
372,AE_238,AE_238_27_AC.pickle,215,second expert,3.3096926713948003
373,AE_238,AE_238_27_AC.pickle,216,second expert,17.352245862884157
374,AE_238,AE_238_28_AC.pickle,0,second expert,7.4838709677419315
375,AE_238,AE_238_28_AC.pickle,3,second expert,1.2043010752688172
376,AE_238,AE_238_28_AC.pickle,7,second expert,1.2043010752688168
377,AE_238,AE_238_28_AC.pickle,8,second expert,3.784946236559138
378,AE_238,AE_238_28_AC.pickle,11,second expert,2.795698924731182
379,AE_238,AE_238_28_AC.pickle,16,second expert,0.5161290322580646
380,AE_238,AE_238_28_AC.pickle,17,second expert,7.483870967741934
381,AE_238,AE_238_28_AC.pickle,18,second expert,0.9032258064516129
382,AE_238,AE_238_28_AC.pickle,19,second expert,3.3118279569892484
383,AE_238,AE_238_28_AC.pickle,29,second expert,0.9032258064516131
384,AE_238,AE_238_28_AC.pickle,34,second expert,1.935483870967742
385,AE_238,AE_238_28_AC.pickle,35,second expert,1.4623655913978504
386,AE_238,AE_238_28_AC.pickle,40,second expert,4.387096774193545
387,AE_238,AE_238_28_AC.pickle,48,second expert,2.5376344086021514
388,AE_238,AE_238_28_AC.pickle,52,second expert,10.709677419354838
389,AE_238,AE_238_28_AC.pickle,54,second expert,2.408602150537635
390,AE_238,AE_238_28_AC.pickle,55,second expert,0.25806451612903225
391,AE_238,AE_238_28_AC.pickle,71,second expert,0.6881720430107527
392,AE_238,AE_238_28_AC.pickle,73,second expert,1.2043010752688168
393,AE_238,AE_238_28_AC.pickle,74,second expert,1.0666666666666667
394,AE_238,AE_238_28_AC.pickle,83,second expert,0.7311827956989246
395,AE_238,AE_238_28_AC.pickle,85,second expert,0.58252427184466
396,AE_238,AE_238_28_AC.pickle,101,second expert,1.3333333333333328
397,AE_238,AE_238_28_AC.pickle,107,second expert,1.3763440860215046
398,AE_238,AE_238_28_AC.pickle,110,second expert,1.3763440860215057
399,AE_238,AE_238_2_AC.pickle,3,second early,14.810256410256404
400,AE_238,AE_238_2_AC.pickle,5,second early,1.1897435897435897
401,AE_238,AE_238_2_AC.pickle,7,second early,1.8666666666666665
402,AE_238,AE_238_2_AC.pickle,33,second early,3.162790697674417
403,AE_238,AE_238_2_AC.pickle,45,second early,31.15897435897437
404,AE_238,AE_238_2_AC.pickle,53,second early,1.386861313868613
405,AE_238,AE_238_2_AC.pickle,84,second early,3.93846153846154
406,AE_238,AE_238_2_AC.pickle,93,second early,0.9867629362214199
407,AE_238,AE_238_2_AC.pickle,115,second early,30.97435897435899
408,AE_238,AE_238_2_AC.pickle,118,second early,4.799999999999997
409,AE_238,AE_238_2_AC.pickle,139,second early,2.7692307692307674
410,AE_238,AE_238_2_AC.pickle,140,second early,1.6205128205128214
411,AE_238,AE_238_2_AC.pickle,148,second early,2.2564102564102564
412,AE_238,AE_238_2_AC.pickle,152,second early,0.6974358974358972
413,AE_238,AE_238_2_AC.pickle,160,second early,0.9937888198757763
414,AE_238,AE_238_2_AC.pickle,177,second early,2.1468926553672305
415,AE_238,AE_238_2_AC.pickle,200,second early,1.0461538461538462
416,AE_238,AE_238_2_AC.pickle,206,second early,2.461538461538462
417,AE_238,AE_238_2_AC.pickle,225,second early,1.9897435897435893
418,AE_238,AE_238_2_AC.pickle,233,second early,2.3333333333333344
419,AE_238,AE_238_2_AC.pickle,245,second early,5.0666666666666575
420,AE_238,AE_238_2_AC.pickle,263,second early,2.297435897435897
421,AE_238,AE_238_2_AC.pickle,264,second early,0.9975669099756675
422,AE_238,AE_238_2_AC.pickle,266,second early,2.297435897435898
423,AE_238,AE_238_2_AC.pickle,269,second early,9.333333333333334
424,AE_238,AE_238_2_AC.pickle,275,second early,0.553846153846154
425,AE_238,AE_238_2_AC.pickle,293,second early,10.97674418604651
426,AE_238,AE_238_2_AC.pickle,303,second early,28.69743589743589
427,AE_238,AE_238_2_AC.pickle,304,second early,5.8051282051282
428,AE_238,AE_238_2_AC.pickle,306,second early,13.292307692307693
429,AE_238,AE_238_2_AC.pickle,307,second early,3.856410256410256
430,AE_238,AE_238_3_AC.pickle,9,second early,5.10466988727858
431,AE_238,AE_238_3_AC.pickle,14,second early,2.333333333333334
432,AE_238,AE_238_3_AC.pickle,16,second early,1.759729272419628
433,AE_238,AE_238_3_AC.pickle,18,second early,2.012882447665057
434,AE_238,AE_238_3_AC.pickle,19,second early,2.898550724637681
435,AE_238,AE_238_3_AC.pickle,26,second early,0.6494746895893029
436,AE_238,AE_238_3_AC.pickle,37,second early,45.0885668276973
437,AE_238,AE_238_3_AC.pickle,43,second early,55.523349436392905
438,AE_238,AE_238_3_AC.pickle,77,second early,5.297906602254434
439,AE_238,AE_238_3_AC.pickle,81,second early,2.399355877616747
440,AE_238,AE_238_3_AC.pickle,89,second early,31.25603864734302
441,AE_238,AE_238_3_AC.pickle,94,second early,4.605475040257657
442,AE_238,AE_238_3_AC.pickle,97,second early,1.3204508856682757
443,AE_238,AE_238_3_AC.pickle,110,second early,1.6264090177133659
444,AE_238,AE_238_3_AC.pickle,132,second early,27.27858293075684
445,AE_238,AE_238_3_AC.pickle,144,second early,0.9785932721712536
446,AE_238,AE_238_3_AC.pickle,165,second early,17.391304347826086
447,AE_238,AE_238_3_AC.pickle,166,second early,0.32206119162640906
448,AE_238,AE_238_3_AC.pickle,178,second early,7.359098228663451
449,AE_238,AE_238_3_AC.pickle,186,second early,2.093397745571657
450,AE_238,AE_238_3_AC.pickle,187,second early,0.49122807017543857
451,AE_238,AE_238_3_AC.pickle,190,second early,0.6119162640901771
452,AE_238,AE_238_3_AC.pickle,191,second early,3.3944954128440368
453,AE_238,AE_238_3_AC.pickle,197,second early,10.499194847020936
454,AE_238,AE_238_3_AC.pickle,200,second early,1.913774973711882
455,AE_238,AE_238_3_AC.pickle,208,second early,1.3365539452495965
456,AE_238,AE_238_3_AC.pickle,209,second early,2.383252818035425
457,AE_238,AE_238_3_AC.pickle,210,second early,0.743691899070385
458,AE_238,AE_238_3_AC.pickle,211,second early,12.012882447665053
459,AE_238,AE_238_3_AC.pickle,228,second early,2.1563342318059298
460,AE_238,AE_238_3_AC.pickle,233,second early,0.9340659340659344
461,AE_238,AE_238_3_AC.pickle,248,second early,17.391304347826075
462,AE_238,AE_238_3_AC.pickle,249,second early,2.512077294685989
463,AE_238,AE_238_3_AC.pickle,253,second early,9.034267912772584
464,AE_238,AE_238_3_AC.pickle,260,second early,0.6553672316384179
465,AE_238,AE_238_3_AC.pickle,262,second early,16.054750402576477
466,AE_238,AE_238_3_AC.pickle,263,second early,2.5526641883519208
467,AE_238,AE_238_3_AC.pickle,264,second early,1.370716510903426
468,AE_238,AE_238_3_AC.pickle,266,second early,0.5873715124816447
469,AE_238,AE_238_3_AC.pickle,267,second early,0.7619047619047619
470,AE_238,AE_238_3_AC.pickle,268,second early,3.510466988727858
471,AE_238,AE_238_3_AC.pickle,279,second early,3.429951690821256
472,AE_238,AE_238_3_AC.pickle,280,second early,27.713365539452496
473,AE_238,AE_238_3_AC.pickle,291,second early,1.2380952380952388
474,AE_238,AE_238_3_AC.pickle,298,second early,3.1078904991948457
475,AE_238,AE_238_3_AC.pickle,299,second early,0.30303030303030304
476,AE_238,AE_238_3_AC.pickle,303,second early,1.5942028985507237
477,AE_238,AE_238_3_AC.pickle,312,second early,1.275045537340619
478,AE_238,AE_238_3_AC.pickle,313,second early,10.628019323671502
479,AE_238,AE_238_3_AC.pickle,314,second early,32.23832528180357
480,AE_238,AE_238_3_AC.pickle,317,second early,2.9951690821256065
481,AE_238,AE_238_5_AC.pickle,1,second early,23.531073446327675
482,AE_238,AE_238_5_AC.pickle,5,second early,1.5596330275229358
483,AE_238,AE_238_5_AC.pickle,21,second early,36.88073394495416
484,AE_238,AE_238_5_AC.pickle,25,second early,0.8408408408408407
485,AE_238,AE_238_5_AC.pickle,32,second early,1.407211961301673
486,AE_238,AE_238_5_AC.pickle,33,second early,1.890166028097064
487,AE_238,AE_238_5_AC.pickle,45,second early,6.039755351681959
488,AE_238,AE_238_5_AC.pickle,47,second early,9.373088685015292
489,AE_238,AE_238_5_AC.pickle,49,second early,6.353350739773717
490,AE_238,AE_238_5_AC.pickle,63,second early,0.47400611620795124
491,AE_238,AE_238_5_AC.pickle,66,second early,1.6513761467889898
492,AE_238,AE_238_5_AC.pickle,85,second early,2.0457280385078223
493,AE_238,AE_238_5_AC.pickle,107,second early,2.1100917431192636
494,AE_238,AE_238_5_AC.pickle,108,second early,9.158576051779935
495,AE_238,AE_238_5_AC.pickle,109,second early,2.140672782874619
496,AE_238,AE_238_5_AC.pickle,110,second early,2.2018348623853177
497,AE_238,AE_238_5_AC.pickle,111,second early,1.4666666666666668
498,AE_238,AE_238_5_AC.pickle,139,second early,3.532110091743115
499,AE_238,AE_238_5_AC.pickle,143,second early,0.3603603603603604
500,AE_238,AE_238_5_AC.pickle,149,second early,3.85321100917431
501,AE_238,AE_238_5_AC.pickle,160,second early,1.259259259259259
502,AE_238,AE_238_5_AC.pickle,183,second early,0.7186544342507644
503,AE_238,AE_238_5_AC.pickle,196,second early,1.9571865443425083
504,AE_238,AE_238_5_AC.pickle,203,second early,11.330275229357799
505,AE_238,AE_238_5_AC.pickle,217,second early,0.6096361848574238
506,AE_238,AE_238_5_AC.pickle,226,second early,0.48309178743961356
507,AE_238,AE_238_5_AC.pickle,228,second early,7.141162514827995
508,AE_238,AE_238_5_AC.pickle,235,second early,0.6812652068126521
509,AE_238,AE_238_5_AC.pickle,238,second early,1.2811387900355873
510,AE_238,AE_238_5_AC.pickle,249,second early,1.090909090909091
511,AE_238,AE_238_5_AC.pickle,250,second early,1.6972477064220188
512,AE_238,AE_238_5_AC.pickle,254,second early,0.770712909441233
513,AE_238,AE_238_5_AC.pickle,277,second early,1.0169491525423735
514,AE_238,AE_238_5_AC.pickle,278,second early,0.9216589861751154
515,AE_238,AE_238_5_AC.pickle,284,second early,12.018348623853209
516,AE_238,AE_238_5_AC.pickle,285,second early,10.82568807339449
517,AE_238,AE_238_7_AC.pickle,32,second early,5.647558386411892
518,AE_238,AE_238_7_AC.pickle,33,second early,4.826610049539987
519,AE_238,AE_238_7_AC.pickle,34,second early,0.9282700421940929
520,AE_238,AE_238_7_AC.pickle,47,second early,3.8499646142958226
521,AE_238,AE_238_7_AC.pickle,64,second early,18.59872611464967
522,AE_238,AE_238_7_AC.pickle,85,second early,4.897381457891016
523,AE_238,AE_238_7_AC.pickle,95,second early,1.1464968152866242
524,AE_238,AE_238_7_AC.pickle,103,second early,1.1538461538461533
525,AE_238,AE_238_7_AC.pickle,111,second early,1.2597310686482663
526,AE_238,AE_238_7_AC.pickle,122,second early,8.478414720452943
527,AE_238,AE_238_7_AC.pickle,124,second early,1.18895966029724
528,AE_238,AE_238_7_AC.pickle,133,second early,7.632850241545891
529,AE_238,AE_238_7_AC.pickle,134,second early,4.104741684359514
530,AE_238,AE_238_7_AC.pickle,135,second early,3.5810332625619257
531,AE_238,AE_238_7_AC.pickle,138,second early,0.4512820512820512
532,AE_238,AE_238_7_AC.pickle,140,second early,0.8209483368719025
533,AE_238,AE_238_7_AC.pickle,143,second early,1.6755793226381464
534,AE_238,AE_238_7_AC.pickle,146,second early,0.5661712668082094
535,AE_238,AE_238_7_AC.pickle,151,second early,1.4012738853503182
536,AE_238,AE_238_7_AC.pickle,152,second early,0.820948336871904
537,AE_238,AE_238_8_AC.pickle,2,second early,1.7651349380014583
538,AE_238,AE_238_8_AC.pickle,30,second early,0.5024154589371979
539,AE_238,AE_238_8_AC.pickle,38,second early,1.4296134208606848
540,AE_238,AE_238_8_AC.pickle,41,second early,1.1610486891385765
541,AE_238,AE_238_8_AC.pickle,44,second early,0.45222465353756464
542,AE_238,AE_238_8_AC.pickle,55,second early,6.695842450765869
543,AE_238,AE_238_8_AC.pickle,63,second early,0.9475465313028757
544,AE_238,AE_238_8_AC.pickle,68,second early,2.721088435374151
545,AE_238,AE_238_8_AC.pickle,81,second early,1.0443864229765003
546,AE_238,AE_238_8_AC.pickle,93,second early,0.9190371991247244
547,AE_238,AE_238_8_AC.pickle,111,second early,1.3774104683195612
548,AE_238,AE_238_8_AC.pickle,127,second early,0.3355215171407732
549,AE_238,AE_238_8_AC.pickle,129,second early,1.2545587162654996
550,AE_238,AE_238_8_AC.pickle,132,second early,0.980392156862745
551,AE_238,AE_238_8_AC.pickle,142,second early,3.384390955506927
552,AE_238,AE_238_8_AC.pickle,146,second early,0.3782505910165486
553,AE_238,AE_238_8_AC.pickle,148,second early,0.6666666666666666
554,AE_238,AE_238_8_AC.pickle,151,second early,2.0277169948942335
555,AE_238,AE_238_8_AC.pickle,155,second early,0.46666666666666684
556,AE_238,AE_238_8_AC.pickle,156,second early,0.8609271523178808
557,AE_238,AE_238_8_AC.pickle,163,second early,0.47619047619047544
558,AE_238,AE_238_8_AC.pickle,166,second early,1.0826210826210816
559,AE_238,AE_238_8_AC.pickle,173,second early,0.6666666666666667
560,AE_238,AE_238_8_AC.pickle,174,second early,0.9057971014492753
561,AE_238,AE_238_8_AC.pickle,176,second early,0.45364891518737693
562,AE_238,AE_238_8_AC.pickle,183,second early,1.9283746556473798
563,AE_238,AE_238_8_AC.pickle,184,second early,4.2548350398179755
564,AE_238,AE_238_8_AC.pickle,210,second early,0.9628008752735232
565,AE_238,AE_238_8_AC.pickle,211,second early,4.179620034542319
566,AE_238,AE_238_8_AC.pickle,212,second early,1.6578483245149918
567,AE_238,AE_238_9_AC.pickle,5,second early,6.915887850467284
568,AE_238,AE_238_9_AC.pickle,9,second early,0.9138110072689517
569,AE_238,AE_238_9_AC.pickle,12,second early,1.2461059190031145
570,AE_238,AE_238_9_AC.pickle,13,second early,0.519210799584631
571,AE_238,AE_238_9_AC.pickle,22,second early,2.8908554572271394
572,AE_238,AE_238_9_AC.pickle,31,second early,3.655244029075805
573,AE_238,AE_238_9_AC.pickle,37,second early,1.8068535825545171
574,AE_238,AE_238_9_AC.pickle,44,second early,1.0084033613445378
575,AE_238,AE_238_9_AC.pickle,46,second early,6.728971962616815
576,AE_238,AE_238_9_AC.pickle,47,second early,5.358255451713394
577,AE_238,AE_238_9_AC.pickle,56,second early,35.93333333333334
578,AE_238,AE_238_9_AC.pickle,57,second early,1.6374269005847963
579,AE_238,AE_238_9_AC.pickle,59,second early,25.565939771547253
580,AE_238,AE_238_9_AC.pickle,61,second early,3.115264797507788
581,AE_238,AE_238_9_AC.pickle,67,second early,3.1775700934579403
582,AE_238,AE_238_9_AC.pickle,86,second early,7.642782969885776
583,AE_238,AE_238_9_AC.pickle,87,second early,1.4843750000000007
584,AE_238,AE_238_9_AC.pickle,98,second early,9.45054945054945
585,AE_238,AE_238_9_AC.pickle,99,second early,9.40809968847353
586,AE_238,AE_238_9_AC.pickle,103,second early,0.5970149253731346
587,AE_238,AE_238_9_AC.pickle,104,second early,19.771547248182742
588,AE_238,AE_238_9_AC.pickle,106,second early,5.358255451713393
589,AE_238,AE_238_9_AC.pickle,108,second early,14.039460020768445
590,AE_238,AE_238_9_AC.pickle,112,second early,22.014537902388312
591,AE_238,AE_238_9_AC.pickle,141,second early,9.096573208722742
592,AE_238,AE_238_9_AC.pickle,145,second early,1.2612612612612606
593,AE_238,AE_238_9_AC.pickle,146,second early,2.6168224299065437
594,AE_238,AE_238_9_AC.pickle,152,second early,2.2222222222222214
595,AE_238,AE_238_9_AC.pickle,158,second early,1.8899273104880576
596,AE_238,AE_238_9_AC.pickle,163,second early,10.301142263759093
597,AE_238,AE_238_9_AC.pickle,171,second early,1.6822429906542067
598,AE_238,AE_238_9_AC.pickle,173,second early,40.10384215991692
599,AE_238,AE_238_9_AC.pickle,175,second early,1.6199376947040502
600,AE_238,AE_238_9_AC.pickle,182,second early,1.299019607843137
601,AE_238,AE_238_9_AC.pickle,184,second early,1.192411924119241
602,AE_238,AE_238_9_AC.pickle,185,second early,10.301142263759093
603,AE_238,AE_238_9_AC.pickle,187,second early,6.006600660066008
604,AE_238,AE_238_9_AC.pickle,188,second early,4.6728971962616805
605,AE_238,AE_238_9_AC.pickle,190,second early,1.4320987654320987
606,AE_238,AE_238_9_AC.pickle,197,second early,1.0591900311526479
607,AE_238,AE_238_9_AC.pickle,213,second early,3.3437175493250235
608,AE_239,AE_239_10_AC.pickle,1,second late,14.101610904584863
609,AE_239,AE_239_10_AC.pickle,4,second late,4.894671623296161
610,AE_239,AE_239_10_AC.pickle,5,second late,6.592317224287497
611,AE_239,AE_239_10_AC.pickle,7,second late,1.7224287484510574
612,AE_239,AE_239_10_AC.pickle,8,second late,3.3828996282527926
613,AE_239,AE_239_10_AC.pickle,9,second late,1.1262135922330088
614,AE_239,AE_239_10_AC.pickle,13,second late,11.288723667905801
615,AE_239,AE_239_10_AC.pickle,20,second late,0.8052805280528058
616,AE_239,AE_239_10_AC.pickle,21,second late,0.987012987012987
617,AE_239,AE_239_10_AC.pickle,26,second late,5.216852540272618
618,AE_239,AE_239_11_AC.pickle,17,second late,0.5115511551155117
619,AE_239,AE_239_11_AC.pickle,27,second late,0.6034482758620675
620,AE_239,AE_239_11_AC.pickle,38,second late,0.1815181518151815
621,AE_239,AE_239_11_AC.pickle,49,second late,0.544554455445545
622,AE_239,AE_239_11_AC.pickle,72,second late,1.4957264957264953
623,AE_239,AE_239_11_AC.pickle,83,second late,5.874587458745876
624,AE_239,AE_239_11_AC.pickle,87,second late,0.32894736842105265
625,AE_239,AE_239_11_AC.pickle,93,second late,1.0112359550561794
626,AE_239,AE_239_11_AC.pickle,101,second late,1.2706270627062715
627,AE_239,AE_239_11_AC.pickle,115,second late,1.3988095238095242
628,AE_239,AE_239_11_AC.pickle,121,second late,2.1383647798742134
629,AE_239,AE_239_11_AC.pickle,131,second late,1.1764705882352953
630,AE_239,AE_239_11_AC.pickle,132,second late,1.0847457627118644
631,AE_239,AE_239_11_AC.pickle,141,second late,1.2666666666666664
632,AE_239,AE_239_11_AC.pickle,146,second late,9.660574412532638
633,AE_239,AE_239_11_AC.pickle,159,second late,1.3213213213213217
634,AE_239,AE_239_11_AC.pickle,170,second late,0.7590759075907583
635,AE_239,AE_239_11_AC.pickle,178,second late,0.6930693069306928
636,AE_239,AE_239_11_AC.pickle,182,second late,4.768683274021352
637,AE_239,AE_239_11_AC.pickle,194,second late,0.5228758169934639
638,AE_239,AE_239_11_AC.pickle,201,second late,0.7095709570957096
639,AE_239,AE_239_11_AC.pickle,208,second late,0.2605863192182412
640,AE_239,AE_239_11_AC.pickle,211,second late,0.833333333333335
641,AE_239,AE_239_11_AC.pickle,212,second late,0.9735973597359738
642,AE_239,AE_239_12_AC.pickle,9,second late,4.088669950738914
643,AE_239,AE_239_12_AC.pickle,18,second late,1.1494252873563247
644,AE_239,AE_239_12_AC.pickle,23,second late,0.7717569786535304
645,AE_239,AE_239_12_AC.pickle,24,second late,0.870279146141215
646,AE_239,AE_239_12_AC.pickle,48,second late,1.198686371100164
647,AE_239,AE_239_12_AC.pickle,49,second late,5.8456486042692895
648,AE_239,AE_239_12_AC.pickle,51,second late,2.6222222222222253
649,AE_239,AE_239_12_AC.pickle,53,second late,2.5287356321839054
650,AE_239,AE_239_12_AC.pickle,54,second late,5.6759545923632535
651,AE_239,AE_239_12_AC.pickle,58,second late,1.9376026272578002
652,AE_239,AE_239_12_AC.pickle,60,second late,0.6910569105691057
653,AE_239,AE_239_12_AC.pickle,66,second late,2.5362318840579703
654,AE_239,AE_239_12_AC.pickle,72,second late,4.61412151067324
655,AE_239,AE_239_12_AC.pickle,77,second late,9.21182266009853
656,AE_239,AE_239_12_AC.pickle,84,second late,1.1042944785276074
657,AE_239,AE_239_12_AC.pickle,85,second late,0.8014571948998176
658,AE_239,AE_239_12_AC.pickle,88,second late,2.5451559934318513
659,AE_239,AE_239_12_AC.pickle,95,second late,1.0180623973727416
660,AE_239,AE_239_12_AC.pickle,97,second late,1.5421115065243172
661,AE_239,AE_239_12_AC.pickle,113,second late,0.41050903119868637
662,AE_239,AE_239_12_AC.pickle,115,second late,
663,AE_239,AE_239_12_AC.pickle,122,second late,2.2988505747126453
664,AE_239,AE_239_12_AC.pickle,127,second late,0.7224958949096878
665,AE_239,AE_239_12_AC.pickle,133,second late,22.873563218390803
666,AE_239,AE_239_12_AC.pickle,137,second late,0.29556650246305466
667,AE_239,AE_239_12_AC.pickle,139,second late,5.944170771756977
668,AE_239,AE_239_12_AC.pickle,142,second late,0.7665505226480839
669,AE_239,AE_239_12_AC.pickle,148,second late,0.5810397553516821
670,AE_239,AE_239_12_AC.pickle,157,second late,0.8211143695014661
671,AE_239,AE_239_12_AC.pickle,159,second late,0.6794055201698509
672,AE_239,AE_239_12_AC.pickle,173,second late,1.3229571984435793
673,AE_239,AE_239_12_AC.pickle,181,second late,1.9868637110016443
674,AE_239,AE_239_12_AC.pickle,187,second late,0.7127882599580712
675,AE_239,AE_239_12_AC.pickle,188,second late,1.3589743589743584
676,AE_239,AE_239_12_AC.pickle,191,second late,0.7326007326007327
677,AE_239,AE_239_12_AC.pickle,207,second late,1.6091954022988493
678,AE_239,AE_239_12_AC.pickle,211,second late,1.0275689223057651
679,AE_239,AE_239_12_AC.pickle,212,second late,3.267651888341538
680,AE_239,AE_239_12_AC.pickle,214,second late,0.6130268199233717
681,AE_239,AE_239_12_AC.pickle,218,second late,0.6521739130434782
682,AE_239,AE_239_12_AC.pickle,221,second late,1.4269005847953231
683,AE_239,AE_239_12_AC.pickle,223,second late,0.6044905008635584
684,AE_239,AE_239_12_AC.pickle,226,second late,3.333333333333333
685,AE_239,AE_239_12_AC.pickle,233,second late,1.5018315018315014
686,AE_239,AE_239_12_AC.pickle,236,second late,0.4166666666666669
687,AE_239,AE_239_12_AC.pickle,255,second late,18.357963875205233
688,AE_239,AE_239_12_AC.pickle,259,second late,4.876847290640397
689,AE_239,AE_239_13_AC.pickle,9,second late,0.5738396624472574
690,AE_239,AE_239_13_AC.pickle,12,second late,0.9348093480934802
691,AE_239,AE_239_13_AC.pickle,18,second late,3.24614352783367
692,AE_239,AE_239_13_AC.pickle,20,second late,1.649899396378266
693,AE_239,AE_239_13_AC.pickle,21,second late,0.845070422535212
694,AE_239,AE_239_13_AC.pickle,25,second late,3.723404255319155
695,AE_239,AE_239_13_AC.pickle,26,second late,1.226053639846744
696,AE_239,AE_239_13_AC.pickle,40,second late,0.7253886010362692
697,AE_239,AE_239_13_AC.pickle,43,second late,0.44310171198388726
698,AE_239,AE_239_13_AC.pickle,48,second late,0.8372093023255833
699,AE_239,AE_239_13_AC.pickle,58,second late,0.6097560975609759
700,AE_239,AE_239_13_AC.pickle,63,second late,1.5291750503018078
701,AE_239,AE_239_13_AC.pickle,89,second late,1.0091743119266052
702,AE_239,AE_239_13_AC.pickle,98,second late,0.3890006706908118
703,AE_239,AE_239_13_AC.pickle,102,second late,0.4158283031522465
704,AE_239,AE_239_13_AC.pickle,117,second late,1.266968325791857
705,AE_239,AE_239_13_AC.pickle,134,second late,0.7407407407407408
706,AE_239,AE_239_13_AC.pickle,137,second late,1.7303822937625724
707,AE_239,AE_239_13_AC.pickle,157,second late,1.6845878136200716
708,AE_239,AE_239_13_AC.pickle,160,second late,0.52757793764988
709,AE_239,AE_239_13_AC.pickle,164,second late,0.893997445721584
710,AE_239,AE_239_13_AC.pickle,173,second late,6.237424547283702
711,AE_239,AE_239_13_AC.pickle,174,second late,10.342052313883295
712,AE_239,AE_239_13_AC.pickle,176,second late,1.3295880149812735
713,AE_239,AE_239_13_AC.pickle,179,second late,0.7719298245614036
714,AE_239,AE_239_13_AC.pickle,180,second late,1.1434108527131777
715,AE_239,AE_239_13_AC.pickle,183,second late,1.3413816230717635
716,AE_239,AE_239_13_AC.pickle,184,second late,2.193268186753525
717,AE_239,AE_239_13_AC.pickle,185,second late,2.508383635144199
718,AE_239,AE_239_14_AC.pickle,0,second late,2.2274143302180702
719,AE_239,AE_239_14_AC.pickle,2,second late,2.663551401869157
720,AE_239,AE_239_14_AC.pickle,8,second late,0.7320872274143304
721,AE_239,AE_239_14_AC.pickle,10,second late,0.747663551401869
722,AE_239,AE_239_14_AC.pickle,13,second late,4.781931464174444
723,AE_239,AE_239_14_AC.pickle,17,second late,2.367601246105919
724,AE_239,AE_239_14_AC.pickle,19,second late,0.8878504672897203
725,AE_239,AE_239_14_AC.pickle,26,second late,0.8488063660477454
726,AE_239,AE_239_14_AC.pickle,39,second late,0.7365439093484415
727,AE_239,AE_239_14_AC.pickle,41,second late,1.7357001972386588
728,AE_239,AE_239_14_AC.pickle,43,second late,1.4058956916099772
729,AE_239,AE_239_14_AC.pickle,44,second late,4.376590330788808
730,AE_239,AE_239_14_AC.pickle,46,second late,2.009345794392525
731,AE_239,AE_239_14_AC.pickle,47,second late,6.433021806853579
732,AE_239,AE_239_14_AC.pickle,54,second late,0.8566978193146407
733,AE_239,AE_239_14_AC.pickle,55,second late,0.6150061500615006
734,AE_239,AE_239_14_AC.pickle,60,second late,1.7757009345794341
735,AE_239,AE_239_14_AC.pickle,61,second late,0.6445115810674727
736,AE_239,AE_239_14_AC.pickle,73,second late,2.017543859649122
737,AE_239,AE_239_14_AC.pickle,79,second late,2.0093457943925253
738,AE_239,AE_239_14_AC.pickle,80,second late,0.4568527918781725
739,AE_239,AE_239_14_AC.pickle,81,second late,1.4174454828660414
740,AE_239,AE_239_14_AC.pickle,82,second late,0.9190031152647975
741,AE_239,AE_239_14_AC.pickle,83,second late,2.3364485981308434
742,AE_239,AE_239_14_AC.pickle,86,second late,2.528735632183911
743,AE_239,AE_239_14_AC.pickle,89,second late,0.8498583569405099
744,AE_239,AE_239_14_AC.pickle,94,second late,1.0816777041942607
745,AE_239,AE_239_14_AC.pickle,96,second late,0.7009345794392522
746,AE_239,AE_239_14_AC.pickle,99,second late,2.1495327102803787
747,AE_239,AE_239_14_AC.pickle,109,second late,0.4517133956386289
748,AE_239,AE_239_14_AC.pickle,117,second late,0.7571560480147734
749,AE_239,AE_239_14_AC.pickle,118,second late,0.6410256410256411
750,AE_239,AE_239_14_AC.pickle,124,second late,2.9595015576323886
751,AE_239,AE_239_14_AC.pickle,131,second late,4.143302180685366
752,AE_239,AE_239_14_AC.pickle,134,second late,1.0436137071651101
753,AE_239,AE_239_14_AC.pickle,137,second late,1.7133956386292812
754,AE_239,AE_239_14_AC.pickle,138,second late,0.4646464646464647
755,AE_239,AE_239_14_AC.pickle,143,second late,1.0447761194029854
756,AE_239,AE_239_14_AC.pickle,147,second late,1.6109045848822772
757,AE_239,AE_239_14_AC.pickle,153,second late,1.0436137071651115
758,AE_239,AE_239_14_AC.pickle,161,second late,0.36666666666666664
759,AE_239,AE_239_14_AC.pickle,165,second late,1.0294117647058834
760,AE_239,AE_239_14_AC.pickle,166,second late,0.6041666666666663
761,AE_239,AE_239_14_AC.pickle,168,second late,1.0436137071651077
762,AE_239,AE_239_14_AC.pickle,171,second late,1.3707165109034258
763,AE_239,AE_239_14_AC.pickle,176,second late,21.05820105820106
764,AE_239,AE_239_14_AC.pickle,181,second late,0.9657320872274148
765,AE_239,AE_239_14_AC.pickle,186,second late,2.1445221445221456
766,AE_239,AE_239_15_AC.pickle,1,second late,0.5309734513274337
767,AE_239,AE_239_15_AC.pickle,17,second late,11.256281407035178
768,AE_239,AE_239_15_AC.pickle,25,second late,21.00502512562814
769,AE_239,AE_239_15_AC.pickle,45,second late,1.5422885572139293
770,AE_239,AE_239_15_AC.pickle,51,second late,0.5633802816901412
771,AE_239,AE_239_15_AC.pickle,55,second late,3.2830820770519247
772,AE_239,AE_239_15_AC.pickle,58,second late,3.286713286713291
773,AE_239,AE_239_15_AC.pickle,84,second late,7.386934673366841
774,AE_239,AE_239_15_AC.pickle,86,second late,2.4288107202680047
775,AE_239,AE_239_15_AC.pickle,88,second late,11.800356506238861
776,AE_239,AE_239_15_AC.pickle,96,second late,0.8533333333333335
777,AE_239,AE_239_15_AC.pickle,98,second late,2.789598108747044
778,AE_239,AE_239_15_AC.pickle,99,second late,3.0335097001763662
779,AE_239,AE_239_15_AC.pickle,100,second late,8.554913294797684
780,AE_239,AE_239_15_AC.pickle,104,second late,0.8712121212121214
781,AE_239,AE_239_15_AC.pickle,118,second late,1.3475177304964538
782,AE_239,AE_239_1_AC.pickle,3,first expert,17.873563218390807
783,AE_239,AE_239_1_AC.pickle,23,first expert,0.8620689655172412
784,AE_239,AE_239_1_AC.pickle,32,first expert,0.2873563218390805
785,AE_239,AE_239_1_AC.pickle,33,first expert,2.0689655172413777
786,AE_239,AE_239_1_AC.pickle,47,first expert,1.206896551724138
787,AE_239,AE_239_1_AC.pickle,51,first expert,24.770114942528746
788,AE_239,AE_239_1_AC.pickle,53,first expert,0.5172413793103448
789,AE_239,AE_239_1_AC.pickle,57,first expert,1.4942528735632181
790,AE_239,AE_239_1_AC.pickle,61,first expert,1.5517241379310345
791,AE_239,AE_239_1_AC.pickle,69,first expert,6.379310344827588
792,AE_239,AE_239_1_AC.pickle,71,first expert,0.5747126436781609
793,AE_239,AE_239_1_AC.pickle,78,first expert,11.379310344827585
794,AE_239,AE_239_1_AC.pickle,82,first expert,2.816091954022989
795,AE_239,AE_239_1_AC.pickle,83,first expert,4.367816091954026
796,AE_239,AE_239_1_AC.pickle,91,first expert,2.1264367816091956
797,AE_239,AE_239_1_AC.pickle,114,first expert,2.126436781609195
798,AE_239,AE_239_1_AC.pickle,117,first expert,2.4712643678160915
799,AE_239,AE_239_1_AC.pickle,119,first expert,3.1609195402298846
800,AE_239,AE_239_1_AC.pickle,123,first expert,9.022988505747128
801,AE_239,AE_239_1_AC.pickle,125,first expert,0.4597701149425287
802,AE_239,AE_239_1_AC.pickle,126,first expert,0.9195402298850575
803,AE_239,AE_239_1_AC.pickle,128,first expert,25.80459770114941
804,AE_239,AE_239_1_AC.pickle,129,first expert,8.103448275862071
805,AE_239,AE_239_1_AC.pickle,140,first expert,1.32183908045977
806,AE_239,AE_239_1_AC.pickle,155,first expert,16.379310344827587
807,AE_239,AE_239_1_AC.pickle,162,first expert,1.3218390804597702
808,AE_239,AE_239_1_AC.pickle,165,first expert,19.942528735632184
809,AE_239,AE_239_1_AC.pickle,171,first expert,13.33333333333334
810,AE_239,AE_239_1_AC.pickle,174,first expert,15.344827586206891
811,AE_239,AE_239_1_AC.pickle,176,first expert,3.1609195402298833
812,AE_239,AE_239_1_AC.pickle,177,first expert,0.5797101449275363
813,AE_239,AE_239_1_AC.pickle,182,first expert,3.6781609195402316
814,AE_239,AE_239_1_AC.pickle,225,first expert,
815,AE_239,AE_239_1_AC.pickle,237,first expert,5.689655172413792
816,AE_239,AE_239_1_AC.pickle,238,first expert,1.8390804597701138
817,AE_239,AE_239_1_AC.pickle,246,first expert,8.50574712643678
818,AE_239,AE_239_1_AC.pickle,257,first expert,1.091954022988506
819,AE_239,AE_239_1_AC.pickle,266,first expert,1.7241379310344827
820,AE_239,AE_239_1_AC.pickle,268,first expert,2.2222222222222223
821,AE_239,AE_239_1_AC.pickle,272,first expert,7.298850574712644
822,AE_239,AE_239_1_AC.pickle,273,first expert,
823,AE_239,AE_239_1_AC.pickle,277,first expert,1.6666666666666665
824,AE_239,AE_239_1_AC.pickle,279,first expert,4.022988505747125
825,AE_239,AE_239_1_AC.pickle,282,first expert,1.1494252873563218
826,AE_239,AE_239_1_AC.pickle,289,first expert,4.310344827586206
827,AE_239,AE_239_1_AC.pickle,293,first expert,16.264367816091948
828,AE_239,AE_239_1_AC.pickle,294,first expert,0.9770114942528733
829,AE_239,AE_239_1_AC.pickle,299,first expert,10.862068965517235
830,AE_239,AE_239_1_AC.pickle,304,first expert,5.459770114942528
831,AE_239,AE_239_1_AC.pickle,316,first expert,8.735632183908049
832,AE_239,AE_239_1_AC.pickle,436,first expert,4.137931034482757
833,AE_239,AE_239_1_AC.pickle,439,first expert,1.8965517241379313
834,AE_239,AE_239_1_AC.pickle,443,first expert,4.022988505747128
835,AE_239,AE_239_1_AC.pickle,449,first expert,0.6896551724137929
836,AE_239,AE_239_2_AC.pickle,6,N/A,4.733333333333333
837,AE_239,AE_239_2_AC.pickle,11,N/A,2.4499999999999997
838,AE_239,AE_239_2_AC.pickle,13,N/A,0.7692307692307692
839,AE_239,AE_239_2_AC.pickle,23,N/A,1.150000000000001
840,AE_239,AE_239_2_AC.pickle,35,N/A,2.286401925391094
841,AE_239,AE_239_2_AC.pickle,46,N/A,8.150000000000007
842,AE_239,AE_239_2_AC.pickle,51,N/A,9.540918163672655
843,AE_239,AE_239_2_AC.pickle,52,N/A,3.316666666666668
844,AE_239,AE_239_2_AC.pickle,58,N/A,21.543026706231448
845,AE_239,AE_239_2_AC.pickle,64,N/A,8.7962962962963
846,AE_239,AE_239_2_AC.pickle,65,N/A,1.3537675606641129
847,AE_239,AE_239_2_AC.pickle,73,N/A,10.466666666666672
848,AE_239,AE_239_2_AC.pickle,74,N/A,1.8497109826589593
849,AE_239,AE_239_2_AC.pickle,82,N/A,1.5666666666666678
850,AE_239,AE_239_2_AC.pickle,85,N/A,22.23333333333337
851,AE_239,AE_239_2_AC.pickle,88,N/A,0.9587513935340021
852,AE_239,AE_239_2_AC.pickle,99,N/A,11.327762302692673
853,AE_239,AE_239_2_AC.pickle,105,N/A,0.6666666666666665
854,AE_239,AE_239_2_AC.pickle,113,N/A,3.98724082934609
855,AE_239,AE_239_2_AC.pickle,114,N/A,1.7666666666666677
856,AE_239,AE_239_2_AC.pickle,121,N/A,0.48964218455743874
857,AE_239,AE_239_2_AC.pickle,131,N/A,3.3000000000000007
858,AE_239,AE_239_2_AC.pickle,132,N/A,12.083333333333336
859,AE_239,AE_239_2_AC.pickle,142,N/A,16.78095238095238
860,AE_239,AE_239_2_AC.pickle,146,N/A,3.527239150507846
861,AE_239,AE_239_2_AC.pickle,150,N/A,0.5952380952380957
862,AE_239,AE_239_2_AC.pickle,159,N/A,1.6616616616616617
863,AE_239,AE_239_2_AC.pickle,162,N/A,1.5720524017467248
864,AE_239,AE_239_2_AC.pickle,167,N/A,6.342592592592592
865,AE_239,AE_239_2_AC.pickle,170,N/A,2.5600000000000005
866,AE_239,AE_239_2_AC.pickle,172,N/A,1.4833333333333325
867,AE_239,AE_239_2_AC.pickle,180,N/A,2.251082251082252
868,AE_239,AE_239_2_AC.pickle,192,N/A,1.9833333333333323
869,AE_239,AE_239_2_AC.pickle,195,N/A,20.929705215419485
870,AE_239,AE_239_2_AC.pickle,196,N/A,18.395061728395063
871,AE_239,AE_239_2_AC.pickle,204,N/A,7.130647130647128
872,AE_239,AE_239_2_AC.pickle,206,N/A,0.3333333333333329
873,AE_239,AE_239_2_AC.pickle,209,N/A,0.8393285371702635
874,AE_239,AE_239_2_AC.pickle,216,N/A,42.13333333333335
875,AE_239,AE_239_2_AC.pickle,220,N/A,2.0525869380831225
876,AE_239,AE_239_2_AC.pickle,230,N/A,0.9792843691148774
877,AE_239,AE_239_2_AC.pickle,231,N/A,6.222222222222219
878,AE_239,AE_239_3_AC.pickle,28,second early,8.430193720774886
879,AE_239,AE_239_3_AC.pickle,46,second early,1.1794871794871795
880,AE_239,AE_239_3_AC.pickle,48,second early,4.502338009352038
881,AE_239,AE_239_3_AC.pickle,51,second early,0.9886439545758177
882,AE_239,AE_239_3_AC.pickle,54,second early,2.2311289245156973
883,AE_239,AE_239_3_AC.pickle,59,second early,8.684034736138942
884,AE_239,AE_239_3_AC.pickle,90,second early,23.112892451569813
885,AE_239,AE_239_3_AC.pickle,98,second early,1.3627254509018023
886,AE_239,AE_239_3_AC.pickle,106,second early,0.8149632598530397
887,AE_239,AE_239_3_AC.pickle,107,second early,0.8588957055214724
888,AE_239,AE_239_3_AC.pickle,109,second early,13.520374081496307
889,AE_239,AE_239_3_AC.pickle,115,second early,2.6527050610820226
890,AE_239,AE_239_3_AC.pickle,121,second early,1.304029304029304
891,AE_239,AE_239_3_AC.pickle,123,second early,13.064275037369208
892,AE_239,AE_239_3_AC.pickle,133,second early,2.9659318637274543
893,AE_239,AE_239_3_AC.pickle,134,second early,2.3809523809523845
894,AE_239,AE_239_3_AC.pickle,136,second early,22.84569138276553
895,AE_239,AE_239_3_AC.pickle,143,second early,4.408817635270541
896,AE_239,AE_239_3_AC.pickle,144,second early,8.87107548430194
897,AE_239,AE_239_3_AC.pickle,154,second early,4.382716049382718
898,AE_239,AE_239_3_AC.pickle,188,second early,3.470715835140994
899,AE_239,AE_239_3_AC.pickle,191,second early,13.974615898463586
900,AE_239,AE_239_3_AC.pickle,197,second early,4.435537742150978
901,AE_239,AE_239_3_AC.pickle,202,second early,6.880427521710094
902,AE_239,AE_239_3_AC.pickle,215,second early,1.7635270541082153
903,AE_239,AE_239_3_AC.pickle,229,second early,0.9482758620689652
904,AE_239,AE_239_3_AC.pickle,232,second early,0.6237006237006237
905,AE_239,AE_239_3_AC.pickle,236,second early,0.7223942208462335
906,AE_239,AE_239_3_AC.pickle,239,second early,4.137308039747063
907,AE_239,AE_239_3_AC.pickle,256,second early,7.9225116900467665
908,AE_239,AE_239_3_AC.pickle,257,second early,0.9195402298850572
909,AE_239,AE_239_3_AC.pickle,265,second early,1.6260162601626007
910,AE_239,AE_239_3_AC.pickle,270,second early,5.824983299933207
911,AE_239,AE_239_3_AC.pickle,271,second early,2.8857715430861726
912,AE_239,AE_239_3_AC.pickle,272,second early,1.3968253968253965
913,AE_239,AE_239_3_AC.pickle,279,second early,5.169340463458117
914,AE_239,AE_239_3_AC.pickle,283,second early,0.5381165919282512
915,AE_239,AE_239_3_AC.pickle,284,second early,2.2444889779559114
916,AE_239,AE_239_3_AC.pickle,285,second early,5.066666666666666
917,AE_239,AE_239_3_AC.pickle,286,second early,2.3514211886304914
918,AE_239,AE_239_3_AC.pickle,289,second early,0.6802721088435373
919,AE_239,AE_239_3_AC.pickle,299,second early,3.7274549098196443
920,AE_239,AE_239_3_AC.pickle,314,second early,0.8684034736138951
921,AE_239,AE_239_3_AC.pickle,315,second early,2.437449556093624
922,AE_239,AE_239_3_AC.pickle,325,second early,7.454909819639285
923,AE_239,AE_239_3_AC.pickle,329,second early,1.3848631239935592
924,AE_239,AE_239_3_AC.pickle,345,second early,5.557782231128925
925,AE_239,AE_239_3_AC.pickle,350,second early,5.437541750167001
926,AE_239,AE_239_3_AC.pickle,352,second early,17.9826319305277
927,AE_239,AE_239_3_AC.pickle,353,second early,8.844355377421524
928,AE_239,AE_239_3_AC.pickle,355,second early,8.275862068965521
929,AE_239,AE_239_3_AC.pickle,356,second early,2.3112892451569795
930,AE_239,AE_239_3_AC.pickle,358,second early,7.29458917835672
931,AE_239,AE_239_3_AC.pickle,359,second early,3.6158192090395462
932,AE_239,AE_239_3_AC.pickle,360,second early,4.529058116232465
933,AE_239,AE_239_4_AC.pickle,48,second early,4.3434343434343425
934,AE_239,AE_239_4_AC.pickle,49,second early,42.698795180722925
935,AE_239,AE_239_4_AC.pickle,50,second early,1.793721973094171
936,AE_239,AE_239_4_AC.pickle,59,second early,16.68776371308017
937,AE_239,AE_239_4_AC.pickle,81,second early,54.15261044176699
938,AE_239,AE_239_4_AC.pickle,92,second early,54.088353413654616
939,AE_239,AE_239_4_AC.pickle,93,second early,14.939759036144574
940,AE_239,AE_239_4_AC.pickle,119,second early,1.7349397590361426
941,AE_239,AE_239_4_AC.pickle,138,second early,10.375426621160415
942,AE_239,AE_239_4_AC.pickle,157,second early,19.775100401606384
943,AE_239,AE_239_4_AC.pickle,185,second early,2.6666666666666687
944,AE_239,AE_239_4_AC.pickle,206,second early,2.8382838283828384
945,AE_239,AE_239_4_AC.pickle,217,second early,7.935742971887555
946,AE_239,AE_239_4_AC.pickle,218,second early,5.927710843373492
947,AE_239,AE_239_4_AC.pickle,219,second early,7.967871485943784
948,AE_239,AE_239_4_AC.pickle,226,second early,1.7094017094017082
949,AE_239,AE_239_4_AC.pickle,234,second early,1.5625000000000002
950,AE_239,AE_239_5_AC.pickle,6,second late,8.294985250737467
951,AE_239,AE_239_5_AC.pickle,9,second late,2.820058997050149
952,AE_239,AE_239_5_AC.pickle,12,second late,6.4306784660766985
953,AE_239,AE_239_5_AC.pickle,21,second late,2.0176991150442496
954,AE_239,AE_239_5_AC.pickle,28,second late,3.9867659222497926
955,AE_239,AE_239_5_AC.pickle,31,second late,22.18289085545726
956,AE_239,AE_239_5_AC.pickle,37,second late,10.147492625368733
957,AE_239,AE_239_5_AC.pickle,38,second late,5.899705014749263
958,AE_239,AE_239_5_AC.pickle,39,second late,4.294985250737464
959,AE_239,AE_239_5_AC.pickle,40,second late,0.9139784946236561
960,AE_239,AE_239_5_AC.pickle,48,second late,1.0973451327433648
961,AE_239,AE_239_5_AC.pickle,50,second late,1.666666666666666
962,AE_239,AE_239_5_AC.pickle,53,second late,1.15606936416185
963,AE_239,AE_239_5_AC.pickle,61,second late,13.297935103244827
964,AE_239,AE_239_5_AC.pickle,62,second late,8.530973451327437
965,AE_239,AE_239_5_AC.pickle,80,second late,1.9405940594059452
966,AE_239,AE_239_5_AC.pickle,81,second late,1.6637168141592904
967,AE_239,AE_239_5_AC.pickle,84,second late,32.62536873156343
968,AE_239,AE_239_5_AC.pickle,87,second late,56.318584070796376
969,AE_239,AE_239_5_AC.pickle,89,second late,6.960352422907492
970,AE_239,AE_239_5_AC.pickle,93,second late,3.6814159292035478
971,AE_239,AE_239_5_AC.pickle,95,second late,7.971014492753627
972,AE_239,AE_239_5_AC.pickle,98,second late,5.640117994100294
973,AE_239,AE_239_5_AC.pickle,109,second late,11.291172595520406
974,AE_239,AE_239_5_AC.pickle,111,second late,7.17348927875244
975,AE_239,AE_239_5_AC.pickle,114,second late,1.2943262411347516
976,AE_239,AE_239_5_AC.pickle,115,second late,18.54867256637168
977,AE_239,AE_239_5_AC.pickle,119,second late,1.2678936605316973
978,AE_239,AE_239_5_AC.pickle,120,second late,2.7256637168141578
979,AE_239,AE_239_5_AC.pickle,134,second late,5.755603759942163
980,AE_239,AE_239_5_AC.pickle,137,second late,4.6725663716814205
981,AE_239,AE_239_5_AC.pickle,143,second late,32.03539823008847
982,AE_239,AE_239_5_AC.pickle,147,second late,1.495327102803738
983,AE_239,AE_239_5_AC.pickle,155,second late,0.9791666666666664
984,AE_239,AE_239_5_AC.pickle,173,second late,18.85416666666667
985,AE_239,AE_239_5_AC.pickle,174,second late,17.54385964912283
986,AE_239,AE_239_5_AC.pickle,175,second late,1.13050706566916
987,AE_239,AE_239_5_AC.pickle,194,second late,7.5988200589970525
988,AE_239,AE_239_5_AC.pickle,200,second late,2.9503546099290796
989,AE_239,AE_239_5_AC.pickle,208,second late,31.331133113311356
990,AE_239,AE_239_5_AC.pickle,211,second late,1.2121212121212124
991,AE_239,AE_239_5_AC.pickle,215,second late,1.1111111111111112
992,AE_239,AE_239_5_AC.pickle,218,second late,5.272331154684098
993,AE_239,AE_239_5_AC.pickle,234,second late,1.7154811715481195
994,AE_239,AE_239_5_AC.pickle,237,second late,0.41152263374485615
995,AE_239,AE_239_5_AC.pickle,242,second late,17.707509881422908
996,AE_239,AE_239_5_AC.pickle,245,second late,2.476635514018693
997,AE_239,AE_239_5_AC.pickle,247,second late,0.47619047619047616
998,AE_239,AE_239_5_AC.pickle,261,second late,1.750321750321749
999,AE_239,AE_239_5_AC.pickle,287,second late,1.012658227848102
1000,AE_239,AE_239_5_AC.pickle,297,second late,2.074074074074072
1001,AE_239,AE_239_5_AC.pickle,302,second late,0.6513409961685824
1002,AE_239,AE_239_5_AC.pickle,306,second late,3.2065906210392874
1003,AE_239,AE_239_5_AC.pickle,307,second late,62.5102880658436
1004,AE_239,AE_239_6_AC.pickle,12,second late,3.9290240811153363
1005,AE_239,AE_239_6_AC.pickle,19,second late,0.6844106463878324
1006,AE_239,AE_239_6_AC.pickle,25,second late,1.9264892268694571
1007,AE_239,AE_239_6_AC.pickle,37,second late,8.59315589353612
1008,AE_239,AE_239_6_AC.pickle,75,second late,1.1956521739130437
1009,AE_239,AE_239_6_AC.pickle,100,second late,15.158428390367554
1010,AE_239,AE_239_6_AC.pickle,104,second late,8.517110266159696
1011,AE_239,AE_239_6_AC.pickle,115,second late,3.4474017743979735
1012,AE_239,AE_239_6_AC.pickle,118,second late,5.804816223067169
1013,AE_239,AE_239_6_AC.pickle,132,second late,8.871989860583014
1014,AE_239,AE_239_6_AC.pickle,145,second late,4.954128440366972
1015,AE_239,AE_239_6_AC.pickle,149,second late,17.892473118279575
1016,AE_239,AE_239_6_AC.pickle,208,second late,4.76552598225602
1017,AE_239,AE_239_6_AC.pickle,210,second late,0.481622306717364
1018,AE_239,AE_239_6_AC.pickle,214,second late,2.546296296296297
1019,AE_239,AE_239_6_AC.pickle,218,second late,2.9050279329608943
1020,AE_239,AE_239_6_AC.pickle,233,second late,2.171428571428571
1021,AE_239,AE_239_6_AC.pickle,236,second late,2.181818181818182
1022,AE_239,AE_239_6_AC.pickle,237,second late,1.2927756653992388
1023,AE_239,AE_239_6_AC.pickle,241,second late,13.054499366286429
1024,AE_239,AE_239_6_AC.pickle,251,second late,11.352657004830917
1025,AE_239,AE_239_6_AC.pickle,252,second late,0.8111533586818752
1026,AE_239,AE_239_6_AC.pickle,253,second late,13.43472750316858
1027,AE_239,AE_239_6_AC.pickle,254,second late,2.266666666666666
1028,AE_239,AE_239_6_AC.pickle,256,second late,6.190476190476188
1029,AE_239,AE_239_7_AC.pickle,24,second late,0.6443618339529121
1030,AE_239,AE_239_7_AC.pickle,33,second late,1.775259678942399
1031,AE_239,AE_239_7_AC.pickle,35,second late,2.9479377958079764
1032,AE_239,AE_239_7_AC.pickle,40,second late,0.5629629629629631
1033,AE_239,AE_239_7_AC.pickle,47,second late,0.6908462867012091
1034,AE_239,AE_239_7_AC.pickle,48,second late,28.113590263691712
1035,AE_239,AE_239_7_AC.pickle,54,second late,9.91210277214334
1036,AE_239,AE_239_7_AC.pickle,64,second late,3.2080200501253113
1037,AE_239,AE_239_7_AC.pickle,66,second late,25.53140096618356
1038,AE_239,AE_239_7_AC.pickle,70,second late,0.6336088154269973
1039,AE_239,AE_239_7_AC.pickle,74,second late,6.955782312925172
1040,AE_239,AE_239_7_AC.pickle,76,second late,1.5181518151815188
1041,AE_239,AE_239_7_AC.pickle,79,second late,25.485854858548567
1042,AE_239,AE_239_7_AC.pickle,83,second late,4.10742496050553
1043,AE_239,AE_239_7_AC.pickle,88,second late,2.934076137418757
1044,AE_239,AE_239_7_AC.pickle,99,second late,9.668695064232592
1045,AE_239,AE_239_7_AC.pickle,106,second late,3.9158576051779956
1046,AE_239,AE_239_7_AC.pickle,115,second late,9.208924949290067
1047,AE_239,AE_239_7_AC.pickle,121,second late,7.410412440838405
1048,AE_239,AE_239_7_AC.pickle,128,second late,2.1143473570658027
1049,AE_239,AE_239_7_AC.pickle,130,second late,3.0964467005076135
1050,AE_239,AE_239_7_AC.pickle,157,second late,2.027027027027027
1051,AE_239,AE_239_7_AC.pickle,158,second late,3.9141414141414175
1052,AE_239,AE_239_7_AC.pickle,160,second late,1.1438784629133147
1053,AE_239,AE_239_7_AC.pickle,173,second late,2.960000000000001
1054,AE_239,AE_239_7_AC.pickle,174,second late,2.309236947791165
1055,AE_239,AE_239_7_AC.pickle,180,second late,2.4242424242424243
1056,AE_239,AE_239_7_AC.pickle,181,second late,9.368770764119606
1057,AE_239,AE_239_7_AC.pickle,189,second late,8.22072072072072
1058,AE_239,AE_239_7_AC.pickle,190,second late,20.540906017579452
1059,AE_239,AE_239_7_AC.pickle,191,second late,4.286680189317111
1060,AE_239,AE_239_7_AC.pickle,192,second late,1.4634146341463414
1061,AE_239,AE_239_7_AC.pickle,193,second late,3.515889114266395
1062,AE_239,AE_239_8_AC.pickle,3,second late,1.6531895777178809
1063,AE_239,AE_239_8_AC.pickle,5,second late,0.8037825059101654
1064,AE_239,AE_239_8_AC.pickle,16,second late,0.8153477218225419
1065,AE_239,AE_239_8_AC.pickle,26,second late,0.5283018867924529
1066,AE_239,AE_239_9_AC.pickle,0,second late,2.669270833333334
1067,AE_239,AE_239_9_AC.pickle,31,second late,3.4244791666666656
1068,AE_239,AE_239_9_AC.pickle,35,second late,1.6406250000000013
1069,AE_239,AE_239_9_AC.pickle,38,second late,3.007812499999997
1070,AE_239,AE_239_9_AC.pickle,42,second late,2.8255208333333326
1071,AE_239,AE_239_9_AC.pickle,43,second late,6.651480637813211
1072,AE_239,AE_239_9_AC.pickle,48,second late,34.38802083333335
1073,AE_239,AE_239_9_AC.pickle,67,second late,1.7578124999999987
1074,AE_239,AE_239_9_AC.pickle,73,second late,7.460937500000023
1075,AE_239,AE_239_9_AC.pickle,88,second late,2.5390624999999996
1076,AE_239,AE_239_9_AC.pickle,90,second late,1.1347517730496455
1077,AE_239,AE_239_9_AC.pickle,91,second late,0.8943089430894307
1078,AE_240,AE_240_10_AC.pickle,3,second early,11.424310216256524
1079,AE_240,AE_240_10_AC.pickle,5,second early,0.7009694258016409
1080,AE_240,AE_240_10_AC.pickle,12,second early,11.511936339522551
1081,AE_240,AE_240_10_AC.pickle,24,second early,0.8650260999254286
1082,AE_240,AE_240_10_AC.pickle,25,second early,57.24444444444444
1083,AE_240,AE_240_10_AC.pickle,41,second early,4.405594405594408
1084,AE_240,AE_240_10_AC.pickle,52,second early,4.6532438478747205
1085,AE_240,AE_240_10_AC.pickle,55,second early,7.808219178082192
1086,AE_240,AE_240_10_AC.pickle,60,second early,5.439999999999994
1087,AE_240,AE_240_10_AC.pickle,68,second early,3.087248322147641
1088,AE_240,AE_240_10_AC.pickle,69,second early,26.30751964085297
1089,AE_240,AE_240_10_AC.pickle,87,second early,51.51815181518149
1090,AE_240,AE_240_10_AC.pickle,102,second early,2.0187793427230045
1091,AE_240,AE_240_10_AC.pickle,104,second early,23.087248322147655
1092,AE_240,AE_240_10_AC.pickle,121,second early,2.0750551876379686
1093,AE_240,AE_240_10_AC.pickle,122,second early,1.3703703703703705
1094,AE_240,AE_240_10_AC.pickle,123,second early,4.179894179894181
1095,AE_240,AE_240_10_AC.pickle,124,second early,1.063218390804598
1096,AE_240,AE_240_10_AC.pickle,125,second early,5.443698732289335
1097,AE_240,AE_240_10_AC.pickle,129,second early,15.389610389610393
1098,AE_240,AE_240_10_AC.pickle,139,second early,1.9895287958115162
1099,AE_240,AE_240_10_AC.pickle,141,second early,0.6516290726817048
1100,AE_240,AE_240_10_AC.pickle,142,second early,23.511904761904763
1101,AE_240,AE_240_10_AC.pickle,144,second early,0.9937888198757766
1102,AE_240,AE_240_10_AC.pickle,147,second early,0.910746812386157
1103,AE_240,AE_240_10_AC.pickle,148,second early,2.1126760563380285
1104,AE_240,AE_240_10_AC.pickle,149,second early,0.92485549132948
1105,AE_240,AE_240_10_AC.pickle,155,second early,2.505592841163308
1106,AE_240,AE_240_10_AC.pickle,156,second early,1.2378821774794928
1107,AE_240,AE_240_10_AC.pickle,157,second early,25.965697240865037
1108,AE_240,AE_240_11_AC.pickle,4,second expert,2.857142857142858
1109,AE_240,AE_240_11_AC.pickle,11,second expert,4.561403508771929
1110,AE_240,AE_240_11_AC.pickle,12,second expert,9.724310776942351
1111,AE_240,AE_240_11_AC.pickle,13,second expert,4.360902255639099
1112,AE_240,AE_240_11_AC.pickle,17,second expert,29.323308270676694
1113,AE_240,AE_240_11_AC.pickle,18,second expert,3.4586466165413556
1114,AE_240,AE_240_11_AC.pickle,19,second expert,6.967418546365915
1115,AE_240,AE_240_11_AC.pickle,30,second expert,16.49122807017544
1116,AE_240,AE_240_11_AC.pickle,70,second expert,22.05513784461153
1117,AE_240,AE_240_11_AC.pickle,73,second expert,5.714285714285714
1118,AE_240,AE_240_11_AC.pickle,77,second expert,18.395989974937343
1119,AE_240,AE_240_11_AC.pickle,84,second expert,7.518796992481206
1120,AE_240,AE_240_11_AC.pickle,89,second expert,36.140350877192986
1121,AE_240,AE_240_11_AC.pickle,100,second expert,4.060150375939849
1122,AE_240,AE_240_11_AC.pickle,106,second expert,1.1027568922305766
1123,AE_240,AE_240_11_AC.pickle,120,second expert,17.092731829573932
1124,AE_240,AE_240_11_AC.pickle,122,second expert,2.155388471177946
1125,AE_240,AE_240_11_AC.pickle,128,second expert,9.874686716791983
1126,AE_240,AE_240_11_AC.pickle,135,second expert,2.75689223057644
1127,AE_240,AE_240_11_AC.pickle,137,second expert,2.5563909774436095
1128,AE_240,AE_240_11_AC.pickle,142,second expert,6.5664160401002505
1129,AE_240,AE_240_11_AC.pickle,144,second expert,3.4085213032581447
1130,AE_240,AE_240_11_AC.pickle,151,second expert,2.506265664160401
1131,AE_240,AE_240_11_AC.pickle,152,second expert,4.110275689223057
1132,AE_240,AE_240_11_AC.pickle,156,second expert,2.656641604010025
1133,AE_240,AE_240_11_AC.pickle,159,second expert,30.37593984962407
1134,AE_240,AE_240_11_AC.pickle,161,second expert,25.162907268170432
1135,AE_240,AE_240_11_AC.pickle,166,second expert,4.260651629072684
1136,AE_240,AE_240_11_AC.pickle,167,second expert,15.338345864661651
1137,AE_240,AE_240_12_AC.pickle,0,N/A,0.8991228070175438
1138,AE_240,AE_240_12_AC.pickle,14,N/A,12.186201163757266
1139,AE_240,AE_240_12_AC.pickle,17,N/A,2.6433915211970045
1140,AE_240,AE_240_12_AC.pickle,24,N/A,1.9230769230769231
1141,AE_240,AE_240_12_AC.pickle,29,N/A,0.8811305070656692
1142,AE_240,AE_240_12_AC.pickle,53,N/A,2.274881516587678
1143,AE_240,AE_240_12_AC.pickle,58,N/A,3.757273482959269
1144,AE_240,AE_240_12_AC.pickle,94,N/A,10.324189526184544
1145,AE_240,AE_240_12_AC.pickle,102,N/A,2.9694323144104784
1146,AE_240,AE_240_12_AC.pickle,112,N/A,1.810154525386313
1147,AE_240,AE_240_12_AC.pickle,117,N/A,7.222222222222223
1148,AE_240,AE_240_12_AC.pickle,120,N/A,5.587668593448938
1149,AE_240,AE_240_13_AC.pickle,6,N/A,3.027027027027023
1150,AE_240,AE_240_13_AC.pickle,12,N/A,10.078853046594984
1151,AE_240,AE_240_13_AC.pickle,32,N/A,35.373406193078324
1152,AE_240,AE_240_13_AC.pickle,85,N/A,6.507936507936508
1153,AE_240,AE_240_13_AC.pickle,122,N/A,0.47008547008546997
1154,AE_240,AE_240_13_AC.pickle,128,N/A,1.2812160694896857
1155,AE_240,AE_240_13_AC.pickle,131,N/A,6.835443037974682
1156,AE_240,AE_240_1_AC.pickle,13,first expert,1.9696969696969697
1157,AE_240,AE_240_1_AC.pickle,23,first expert,5.701357466063348
1158,AE_240,AE_240_1_AC.pickle,27,first expert,1.7048346055979604
1159,AE_240,AE_240_1_AC.pickle,29,first expert,6.463104325699747
1160,AE_240,AE_240_1_AC.pickle,73,first expert,15.165394402035632
1161,AE_240,AE_240_1_AC.pickle,82,first expert,3.562340966921121
1162,AE_240,AE_240_1_AC.pickle,86,first expert,8.956743002544533
1163,AE_240,AE_240_1_AC.pickle,88,first expert,30.666666666666675
1164,AE_240,AE_240_1_AC.pickle,94,first expert,23.700000000000003
1165,AE_240,AE_240_1_AC.pickle,111,first expert,2.119460500963391
1166,AE_240,AE_240_1_AC.pickle,112,first expert,1.1528822055137848
1167,AE_240,AE_240_1_AC.pickle,114,first expert,2.4936386768447854
1168,AE_240,AE_240_1_AC.pickle,118,first expert,4.045801526717564
1169,AE_240,AE_240_1_AC.pickle,134,first expert,57.609195402298845
1170,AE_240,AE_240_1_AC.pickle,137,first expert,32.111959287531796
1171,AE_240,AE_240_1_AC.pickle,138,first expert,4.263959390862946
1172,AE_240,AE_240_1_AC.pickle,139,first expert,64.91094147582699
1173,AE_240,AE_240_1_AC.pickle,147,first expert,4.707379134860051
1174,AE_240,AE_240_1_AC.pickle,152,first expert,5.877862595419848
1175,AE_240,AE_240_1_AC.pickle,164,first expert,22.468193384223905
1176,AE_240,AE_240_1_AC.pickle,173,first expert,33.63867684478372
1177,AE_240,AE_240_1_AC.pickle,181,first expert,14.783715012722656
1178,AE_240,AE_240_1_AC.pickle,185,first expert,20.30534351145039
1179,AE_240,AE_240_1_AC.pickle,188,first expert,3.10432569974555
1180,AE_240,AE_240_1_AC.pickle,190,first expert,10.356234096692116
1181,AE_240,AE_240_1_AC.pickle,206,first expert,1.5357766143106453
1182,AE_240,AE_240_1_AC.pickle,223,first expert,4.478371501272263
1183,AE_240,AE_240_1_AC.pickle,235,first expert,6.284987277353689
1184,AE_240,AE_240_1_AC.pickle,240,first expert,3.0962343096234317
1185,AE_240,AE_240_1_AC.pickle,245,first expert,3.511450381679387
1186,AE_240,AE_240_1_AC.pickle,257,first expert,7.709923664122138
1187,AE_240,AE_240_1_AC.pickle,258,first expert,0.8396946564885495
1188,AE_240,AE_240_1_AC.pickle,261,first expert,4.5692883895131065
1189,AE_240,AE_240_1_AC.pickle,266,first expert,4.6055979643765905
1190,AE_240,AE_240_1_AC.pickle,271,first expert,37.68447837150127
1191,AE_240,AE_240_1_AC.pickle,278,first expert,8.091603053435122
1192,AE_240,AE_240_1_AC.pickle,284,first expert,6.633825944170771
1193,AE_240,AE_240_1_AC.pickle,293,first expert,3.9949109414758266
1194,AE_240,AE_240_2_AC.pickle,1,N/A,9.213483146067414
1195,AE_240,AE_240_2_AC.pickle,5,N/A,5.473411154345004
1196,AE_240,AE_240_2_AC.pickle,15,N/A,21.49812734082394
1197,AE_240,AE_240_2_AC.pickle,25,N/A,6.666666666666667
1198,AE_240,AE_240_2_AC.pickle,26,N/A,9.307116104868912
1199,AE_240,AE_240_2_AC.pickle,27,N/A,15.486891385767782
1200,AE_240,AE_240_2_AC.pickle,28,N/A,18.14606741573033
1201,AE_240,AE_240_2_AC.pickle,29,N/A,2.5468164794007504
1202,AE_240,AE_240_2_AC.pickle,46,N/A,9.250936329588011
1203,AE_240,AE_240_2_AC.pickle,47,N/A,3.520599250936326
1204,AE_240,AE_240_2_AC.pickle,89,N/A,2.15122470713525
1205,AE_240,AE_240_2_AC.pickle,97,N/A,4.683760683760684
1206,AE_240,AE_240_2_AC.pickle,102,N/A,18.69395711500974
1207,AE_240,AE_240_2_AC.pickle,109,N/A,8.202247191011239
1208,AE_240,AE_240_2_AC.pickle,114,N/A,2.037037037037037
1209,AE_240,AE_240_2_AC.pickle,115,N/A,6.587301587301585
1210,AE_240,AE_240_2_AC.pickle,121,N/A,3.1746031746031727
1211,AE_240,AE_240_2_AC.pickle,128,N/A,15.505617977528093
1212,AE_240,AE_240_2_AC.pickle,129,N/A,4.034188034188035
1213,AE_240,AE_240_2_AC.pickle,133,N/A,1.8412698412698405
1214,AE_240,AE_240_2_AC.pickle,138,N/A,24.3820224719101
1215,AE_240,AE_240_2_AC.pickle,139,N/A,1.0674157303370795
1216,AE_240,AE_240_2_AC.pickle,140,N/A,22.546816479400746
1217,AE_240,AE_240_2_AC.pickle,142,N/A,6.947565543071164
1218,AE_240,AE_240_2_AC.pickle,145,N/A,27.64612954186413
1219,AE_240,AE_240_2_AC.pickle,147,N/A,10.946969696969697
1220,AE_240,AE_240_2_AC.pickle,153,N/A,41.367041198501894
1221,AE_240,AE_240_2_AC.pickle,165,N/A,7.296416938110751
1222,AE_240,AE_240_2_AC.pickle,168,N/A,33.87640449438204
1223,AE_240,AE_240_2_AC.pickle,173,N/A,27.415730337078653
1224,AE_240,AE_240_2_AC.pickle,193,N/A,1.0045662100456636
1225,AE_240,AE_240_2_AC.pickle,197,N/A,13.089887640449438
1226,AE_240,AE_240_2_AC.pickle,200,N/A,1.3813813813813816
1227,AE_240,AE_240_2_AC.pickle,217,N/A,17.63085399449036
1228,AE_240,AE_240_2_AC.pickle,225,N/A,9.531835205992511
1229,AE_240,AE_240_2_AC.pickle,243,N/A,2.247191011235953
1230,AE_240,AE_240_2_AC.pickle,245,N/A,2.871794871794872
1231,AE_240,AE_240_2_AC.pickle,246,N/A,2.2095238095238092
1232,AE_240,AE_240_2_AC.pickle,248,N/A,5.058823529411765
1233,AE_240,AE_240_2_AC.pickle,249,N/A,14.71861471861472
1234,AE_240,AE_240_2_AC.pickle,255,N/A,2.752808988764046
1235,AE_240,AE_240_2_AC.pickle,258,N/A,3.07116104868914
1236,AE_240,AE_240_2_AC.pickle,260,N/A,0.45662100456621046
1237,AE_240,AE_240_2_AC.pickle,263,N/A,1.97452229299363
1238,AE_240,AE_240_2_AC.pickle,275,N/A,19.44444444444445
1239,AE_240,AE_240_2_AC.pickle,279,N/A,3.2059447983014877
1240,AE_240,AE_240_2_AC.pickle,280,N/A,9.9438202247191
1241,AE_240,AE_240_2_AC.pickle,284,N/A,2.2727272727272725
1242,AE_240,AE_240_2_AC.pickle,286,N/A,0.4474272930648771
1243,AE_240,AE_240_2_AC.pickle,290,N/A,2.3676012461059184
1244,AE_240,AE_240_2_AC.pickle,294,N/A,0.7953216374269003
1245,AE_240,AE_240_2_AC.pickle,295,N/A,0.805243445692884
1246,AE_240,AE_240_2_AC.pickle,306,N/A,16.837606837606838
1247,AE_240,AE_240_2_AC.pickle,307,N/A,6.647940074906364
1248,AE_240,AE_240_2_AC.pickle,308,N/A,5.524344569288384
1249,AE_240,AE_240_2_AC.pickle,311,N/A,7.228464419475652
1250,AE_240,AE_240_3_AC.pickle,4,second early,3.582089552238806
1251,AE_240,AE_240_3_AC.pickle,11,second early,8.394415357766151
1252,AE_240,AE_240_3_AC.pickle,13,second early,22.651515151515156
1253,AE_240,AE_240_3_AC.pickle,14,second early,6.181818181818182
1254,AE_240,AE_240_3_AC.pickle,17,second early,31.515151515151555
1255,AE_240,AE_240_3_AC.pickle,18,second early,2.3484848484848473
1256,AE_240,AE_240_3_AC.pickle,23,second early,2.335329341317365
1257,AE_240,AE_240_3_AC.pickle,45,second early,6.909090909090904
1258,AE_240,AE_240_3_AC.pickle,46,second early,0.7187112763320938
1259,AE_240,AE_240_3_AC.pickle,80,second early,9.196969696969692
1260,AE_240,AE_240_3_AC.pickle,84,second early,10.71212121212121
1261,AE_240,AE_240_3_AC.pickle,85,second early,0.7518796992481203
1262,AE_240,AE_240_3_AC.pickle,90,second early,5.287878787878792
1263,AE_240,AE_240_3_AC.pickle,101,second early,0.8988764044943822
1264,AE_240,AE_240_3_AC.pickle,104,second early,1.0757575757575757
1265,AE_240,AE_240_3_AC.pickle,133,second early,15.721703011422647
1266,AE_240,AE_240_3_AC.pickle,151,second early,3.2569974554707386
1267,AE_240,AE_240_3_AC.pickle,154,second early,28.0
1268,AE_240,AE_240_3_AC.pickle,156,second early,63.727272727272684
1269,AE_240,AE_240_3_AC.pickle,159,second early,9.666666666666668
1270,AE_240,AE_240_3_AC.pickle,164,second early,13.803030303030305
1271,AE_240,AE_240_3_AC.pickle,168,second early,6.378787878787881
1272,AE_240,AE_240_3_AC.pickle,172,second early,7.090909090909092
1273,AE_240,AE_240_3_AC.pickle,196,second early,0.6735751295336786
1274,AE_240,AE_240_3_AC.pickle,202,second early,0.8854166666666661
1275,AE_240,AE_240_3_AC.pickle,203,second early,6.287878787878789
1276,AE_240,AE_240_3_AC.pickle,204,second early,4.378787878787874
1277,AE_240,AE_240_3_AC.pickle,209,second early,0.34188034188034194
1278,AE_240,AE_240_3_AC.pickle,210,second early,0.8641975308641976
1279,AE_240,AE_240_3_AC.pickle,212,second early,4.097222222222224
1280,AE_240,AE_240_3_AC.pickle,215,second early,2.9239766081871337
1281,AE_240,AE_240_3_AC.pickle,232,second early,4.470284237726099
1282,AE_240,AE_240_3_AC.pickle,233,second early,2.2969187675070026
1283,AE_240,AE_240_3_AC.pickle,237,second early,0.8510638297872339
1284,AE_240,AE_240_3_AC.pickle,238,second early,1.666666666666667
1285,AE_240,AE_240_3_AC.pickle,248,second early,7.6969696969697
1286,AE_240,AE_240_3_AC.pickle,255,second early,3.466666666666666
1287,AE_240,AE_240_3_AC.pickle,261,second early,4.757575757575757
1288,AE_240,AE_240_3_AC.pickle,276,second early,0.5797101449275364
1289,AE_240,AE_240_3_AC.pickle,279,second early,0.9003831417624523
1290,AE_240,AE_240_3_AC.pickle,280,second early,2.713567839195981
1291,AE_240,AE_240_3_AC.pickle,281,second early,2.8855721393034828
1292,AE_240,AE_240_3_AC.pickle,284,second early,10.378787878787875
1293,AE_240,AE_240_3_AC.pickle,286,second early,4.363636363636363
1294,AE_240,AE_240_3_AC.pickle,289,second early,4.39393939393939
1295,AE_240,AE_240_3_AC.pickle,295,second early,5.543859649122804
1296,AE_240,AE_240_3_AC.pickle,299,second early,0.8333333333333326
1297,AE_240,AE_240_3_AC.pickle,313,second early,7.712121212121208
1298,AE_240,AE_240_3_AC.pickle,316,second early,1.318181818181818
1299,AE_240,AE_240_3_AC.pickle,324,second early,1.9415204678362563
1300,AE_240,AE_240_3_AC.pickle,330,second early,4.0757575757575735
1301,AE_240,AE_240_4_AC.pickle,3,second early,5.940170940170941
1302,AE_240,AE_240_4_AC.pickle,6,second early,0.8524590163934425
1303,AE_240,AE_240_4_AC.pickle,8,second early,1.2240437158469952
1304,AE_240,AE_240_4_AC.pickle,38,second early,0.7650273224043722
1305,AE_240,AE_240_4_AC.pickle,42,second early,1.0273224043715852
1306,AE_240,AE_240_4_AC.pickle,44,second early,1.1584699453551905
1307,AE_240,AE_240_4_AC.pickle,47,second early,72.61744966442953
1308,AE_240,AE_240_4_AC.pickle,50,second early,3.497267759562841
1309,AE_240,AE_240_4_AC.pickle,60,second early,8.32630098452883
1310,AE_240,AE_240_4_AC.pickle,67,second early,1.3770491803278684
1311,AE_240,AE_240_4_AC.pickle,86,second early,1.6612021857923498
1312,AE_240,AE_240_4_AC.pickle,92,second early,10.066666666666668
1313,AE_240,AE_240_4_AC.pickle,95,second early,21.94535519125683
1314,AE_240,AE_240_4_AC.pickle,109,second early,0.736648250460405
1315,AE_240,AE_240_4_AC.pickle,112,second early,1.0962962962962957
1316,AE_240,AE_240_4_AC.pickle,118,second early,7.391304347826082
1317,AE_240,AE_240_4_AC.pickle,119,second early,20.218579234972673
1318,AE_240,AE_240_4_AC.pickle,143,second early,4.065573770491804
1319,AE_240,AE_240_4_AC.pickle,152,second early,3.8907103825136584
1320,AE_240,AE_240_4_AC.pickle,155,second early,1.7267759562841531
1321,AE_240,AE_240_4_AC.pickle,169,second early,3.825136612021858
1322,AE_240,AE_240_4_AC.pickle,171,second early,18.401826484018265
1323,AE_240,AE_240_4_AC.pickle,178,second early,2.168021680216803
1324,AE_240,AE_240_4_AC.pickle,180,second early,4.463276836158194
1325,AE_240,AE_240_4_AC.pickle,183,second early,10.098360655737707
1326,AE_240,AE_240_4_AC.pickle,190,second early,1.0273224043715825
1327,AE_240,AE_240_4_AC.pickle,191,second early,1.125541125541126
1328,AE_240,AE_240_4_AC.pickle,195,second early,8.393442622950822
1329,AE_240,AE_240_4_AC.pickle,197,second early,3.221476510067114
1330,AE_240,AE_240_4_AC.pickle,198,second early,13.770491803278682
1331,AE_240,AE_240_4_AC.pickle,201,second early,4.852459016393444
1332,AE_240,AE_240_5_AC.pickle,33,second early,8.573508005822418
1333,AE_240,AE_240_5_AC.pickle,37,second early,21.837692823608354
1334,AE_240,AE_240_5_AC.pickle,46,second early,32.08584842387663
1335,AE_240,AE_240_5_AC.pickle,50,second early,0.7692307692307693
1336,AE_240,AE_240_5_AC.pickle,77,second early,0.38424591738712827
1337,AE_240,AE_240_5_AC.pickle,79,second early,1.8798955613577015
1338,AE_240,AE_240_5_AC.pickle,108,second early,9.882154882154886
1339,AE_240,AE_240_5_AC.pickle,131,second early,2.8817204301075265
1340,AE_240,AE_240_5_AC.pickle,132,second early,62.23684210526317
1341,AE_240,AE_240_5_AC.pickle,137,second early,40.96579476861168
1342,AE_240,AE_240_5_AC.pickle,140,second early,0.8718980549966463
1343,AE_240,AE_240_5_AC.pickle,150,second early,36.45878136200717
1344,AE_240,AE_240_5_AC.pickle,152,second early,4.7887323943662095
1345,AE_240,AE_240_5_AC.pickle,169,second early,1.5668202764976948
1346,AE_240,AE_240_5_AC.pickle,172,second early,0.7436918990703851
1347,AE_240,AE_240_5_AC.pickle,176,second early,1.0154525386313467
1348,AE_240,AE_240_5_AC.pickle,180,second early,3.429118773946361
1349,AE_240,AE_240_5_AC.pickle,182,second early,3.2800851970181037
1350,AE_240,AE_240_5_AC.pickle,185,second early,38.283649503161726
1351,AE_240,AE_240_5_AC.pickle,194,second early,2.113207547169811
1352,AE_240,AE_240_5_AC.pickle,195,second early,1.504065040650406
1353,AE_240,AE_240_5_AC.pickle,200,second early,80.02682763246152
1354,AE_240,AE_240_5_AC.pickle,201,second early,27.777777777777782
1355,AE_240,AE_240_5_AC.pickle,203,second early,2.0169361046959215
1356,AE_240,AE_240_6_AC.pickle,4,second early,8.627450980392169
1357,AE_240,AE_240_6_AC.pickle,11,second early,2.6468155500413535
1358,AE_240,AE_240_6_AC.pickle,21,second early,1.0741687979539647
1359,AE_240,AE_240_6_AC.pickle,31,second early,2.2688422688422647
1360,AE_240,AE_240_6_AC.pickle,37,second early,4.695652173913044
1361,AE_240,AE_240_6_AC.pickle,52,second early,13.737373737373707
1362,AE_240,AE_240_6_AC.pickle,59,second early,6.340326340326344
1363,AE_240,AE_240_6_AC.pickle,73,second early,5.967365967365966
1364,AE_240,AE_240_6_AC.pickle,77,second early,29.557109557109563
1365,AE_240,AE_240_6_AC.pickle,78,second early,1.3733905579399146
1366,AE_240,AE_240_6_AC.pickle,79,second early,86.85314685314685
1367,AE_240,AE_240_6_AC.pickle,88,second early,1.8049490538573503
1368,AE_240,AE_240_6_AC.pickle,95,second early,2.2377622377622406
1369,AE_240,AE_240_6_AC.pickle,96,second early,4.145077720207254
1370,AE_240,AE_240_6_AC.pickle,131,second early,29.712509712509725
1371,AE_240,AE_240_6_AC.pickle,140,second early,36.363636363636374
1372,AE_240,AE_240_6_AC.pickle,159,second early,14.604519774011315
1373,AE_240,AE_240_6_AC.pickle,162,second early,7.067238912732473
1374,AE_240,AE_240_6_AC.pickle,167,second early,13.10023310023309
1375,AE_240,AE_240_6_AC.pickle,171,second early,10.473970473970482
1376,AE_240,AE_240_6_AC.pickle,177,second early,32.43201243201248
1377,AE_240,AE_240_6_AC.pickle,179,second early,20.217560217560223
1378,AE_240,AE_240_6_AC.pickle,189,second early,5.057471264367819
1379,AE_240,AE_240_6_AC.pickle,207,second early,5.660749506903353
1380,AE_240,AE_240_6_AC.pickle,213,second early,9.308565531475754
1381,AE_240,AE_240_6_AC.pickle,220,second early,8.562548562548569
1382,AE_240,AE_240_6_AC.pickle,222,second early,16.045627376425855
1383,AE_240,AE_240_6_AC.pickle,238,second early,1.49184149184149
1384,AE_240,AE_240_6_AC.pickle,257,second early,2.1288515406162474
1385,AE_240,AE_240_6_AC.pickle,260,second early,26.573426573426573
1386,AE_240,AE_240_6_AC.pickle,268,second early,1.3916947250280591
1387,AE_240,AE_240_6_AC.pickle,272,second early,10.971250971250974
1388,AE_240,AE_240_6_AC.pickle,283,second early,3.2362459546925564
1389,AE_240,AE_240_6_AC.pickle,284,second early,4.491725768321515
1390,AE_240,AE_240_6_AC.pickle,288,second early,0.8403361344537816
1391,AE_240,AE_240_6_AC.pickle,297,second early,7.345454545454545
1392,AE_240,AE_240_6_AC.pickle,315,second early,1.1464968152866246
1393,AE_240,AE_240_6_AC.pickle,322,second early,1.8503401360544207
1394,AE_240,AE_240_6_AC.pickle,324,second early,2.9681429681429634
1395,AE_240,AE_240_6_AC.pickle,326,second early,5.345765345765348
1396,AE_240,AE_240_6_AC.pickle,328,second early,1.0256410256410258
1397,AE_240,AE_240_6_AC.pickle,329,second early,1.4918414918414924
1398,AE_240,AE_240_6_AC.pickle,330,second early,0.9168609168609151
1399,AE_240,AE_240_7_AC.pickle,1,second early,10.47368421052632
1400,AE_240,AE_240_7_AC.pickle,4,second early,5.783972125435538
1401,AE_240,AE_240_7_AC.pickle,18,second early,4.593837535014005
1402,AE_240,AE_240_7_AC.pickle,28,second early,1.1403508771929844
1403,AE_240,AE_240_7_AC.pickle,36,second early,6.912280701754387
1404,AE_240,AE_240_7_AC.pickle,54,second early,25.192982456140335
1405,AE_240,AE_240_7_AC.pickle,66,second early,12.000000000000009
1406,AE_240,AE_240_7_AC.pickle,74,second early,12.543859649122805
1407,AE_240,AE_240_7_AC.pickle,82,second early,1.4912280701754388
1408,AE_240,AE_240_7_AC.pickle,90,second early,1.8421052631578942
1409,AE_240,AE_240_7_AC.pickle,98,second early,0.5087719298245611
1410,AE_240,AE_240_7_AC.pickle,114,second early,14.03508771929824
1411,AE_240,AE_240_7_AC.pickle,121,second early,0.7709750566893423
1412,AE_240,AE_240_7_AC.pickle,122,second early,4.883720930232557
1413,AE_240,AE_240_7_AC.pickle,124,second early,6.964912280701759
1414,AE_240,AE_240_7_AC.pickle,131,second early,1.105263157894735
1415,AE_240,AE_240_7_AC.pickle,137,second early,14.175438596491226
1416,AE_240,AE_240_7_AC.pickle,139,second early,3.210526315789474
1417,AE_240,AE_240_7_AC.pickle,143,second early,19.245614035087698
1418,AE_240,AE_240_7_AC.pickle,145,second early,2.7201783723522888
1419,AE_240,AE_240_7_AC.pickle,149,second early,5.175438596491225
1420,AE_240,AE_240_7_AC.pickle,154,second early,5.3859649122807065
1421,AE_240,AE_240_8_AC.pickle,0,second early,1.2444444444444434
1422,AE_240,AE_240_8_AC.pickle,6,second early,2.422222222222224
1423,AE_240,AE_240_8_AC.pickle,9,second early,10.388888888888884
1424,AE_240,AE_240_8_AC.pickle,10,second early,2.1333333333333324
1425,AE_240,AE_240_8_AC.pickle,11,second early,0.9555555555555556
1426,AE_240,AE_240_8_AC.pickle,12,second early,3.8444444444444428
1427,AE_240,AE_240_8_AC.pickle,13,second early,1.2000000000000002
1428,AE_240,AE_240_8_AC.pickle,15,second early,6.034658511722723
1429,AE_240,AE_240_8_AC.pickle,19,second early,8.388888888888879
1430,AE_240,AE_240_8_AC.pickle,30,second early,64.35555555555557
1431,AE_240,AE_240_8_AC.pickle,42,second early,7.377777777777776
1432,AE_240,AE_240_8_AC.pickle,50,second early,1.7444444444444434
1433,AE_240,AE_240_8_AC.pickle,56,second early,2.807017543859649
1434,AE_240,AE_240_8_AC.pickle,57,second early,2.744444444444449
1435,AE_240,AE_240_8_AC.pickle,59,second early,7.233333333333342
1436,AE_240,AE_240_8_AC.pickle,60,second early,0.36745406824146976
1437,AE_240,AE_240_8_AC.pickle,64,second early,21.60000000000001
1438,AE_240,AE_240_8_AC.pickle,67,second early,4.9333333333333345
1439,AE_240,AE_240_8_AC.pickle,73,second early,9.922222222222222
1440,AE_240,AE_240_8_AC.pickle,77,second early,33.07777777777778
1441,AE_240,AE_240_8_AC.pickle,78,second early,22.32592592592593
1442,AE_240,AE_240_8_AC.pickle,79,second early,0.5656565656565657
1443,AE_240,AE_240_9_AC.pickle,8,second early,4.616457461645749
1444,AE_240,AE_240_9_AC.pickle,9,second early,8.898186889818696
1445,AE_240,AE_240_9_AC.pickle,12,second early,0.6136680613668068
1446,AE_240,AE_240_9_AC.pickle,18,second early,6.945606694560665
1447,AE_240,AE_240_9_AC.pickle,20,second early,4.839743589743595
1448,AE_240,AE_240_9_AC.pickle,27,second early,12.887029288702918
1449,AE_240,AE_240_9_AC.pickle,34,second early,3.291492329149229
1450,AE_240,AE_240_9_AC.pickle,39,second early,6.499302649930278
